-378.56630756883885,-0.5008493145827712
-378.93051249605617,-1.4329549389609215
-379.2891774441767,-2.367206285884953
-379.64298427788043,-3.3033082295905944
-379.99261913377416,-4.240976397081089
-380.33877146748387,-5.1799357608304755
-380.6821333877707,-6.119919120597153
-381.02339901281465,-7.06066557852261
-381.3632639217197,-8.0019189814998
-381.7024247550889,-8.943426312339255
-382.0415787750392,-9.88493609756071
-382.38142352129375,-10.826196780544295
-382.7226564002711,-11.766955116713099
-383.06597433936116,-12.706954540737197
-383.41207328405045,-13.645933584361135
-383.7616477053698,-14.583624283303415
-384.1153899789108,-15.519750623767536
-384.47398960022565,-16.454027045029335
-384.8381323753183,-17.386156947651635
-385.20849916404904,-18.31583138487808
-385.58576541483757,-19.242727429763573
-385.970547651156,-20.16652867592499
-386.3626898035921,-21.087229849496293
-386.76142792897093,-22.00509368460237
-387.16598994438533,-22.920405487310823
-387.57560929957026,-23.833465235975964
-387.98952577645775,-24.744585026843477
-388.4069846609489,-25.654087200411173
-388.8272361782844,-26.562302365887334
-389.24953466080564,-27.469567551225143
-389.67313758932687,-28.37622442342151
-390.09730462908595,-29.282617520994197
-390.5212965054565,-30.189092569609485
-390.9443739783662,-31.095994756613987
-391.3657967254503,-32.00366705082054
-391.7848222643885,-32.91244849952859
-392.2007052775052,-33.82267234466699
-392.6126956136006,-34.73466471156479
-393.020125615037,-35.64870351007846
-393.42296520498815,-36.56477468068483
-393.8214831202475,-37.48273415408403
-394.2159504146847,-38.402441541446244
-394.6066404783731,-39.32375983526424
-394.9938282338333,-40.246555460912084
-395.3777901081261,-41.17069798446603
-395.75880377767135,-42.096059918243924
-396.13714799068595,-43.02251649111253
-396.5131024650962,-43.949945387658595
-396.88694769122594,-44.87822652605376
-397.2589648516172,-45.80724178824027
-397.62943568114923,-46.73687477466941
-397.9986423940778,-47.66701053255632
-398.366867544508,-48.597535311132255
-398.7343940163448,-49.528336265918085
-399.1015048572552,-50.459301225208236
-399.4684832874771,-51.39031838756915
-399.8356125164355,-52.321276095728955
-400.20317599048883,-53.25206243899389
-400.5714079839882,-54.18258450987683
-400.9402602808144,-55.11286087095676
-401.3095814626606,-56.042951183540275
-401.67922033521535,-56.97291528436129
-402.049025648611,-57.90281321160969
-402.41884616549476,-58.832705092534454
-402.7885306346073,-59.76265106849952
-403.1579277400074,-60.69271122969215
-403.52688612332497,-61.62294552076729
-403.89525430879684,-62.553413685102136
-404.26288073069543,-63.48417516841807
-404.6296136698619,-64.41528905845851
-404.99530124786156,-65.34681400186307
-405.35979141938105,-66.27880812188356
-405.72293195252496,-67.21132894098159
-406.08457039249635,-68.14443331011292
-406.444554080211,-69.07817731632805
-406.80274716714376,-70.01260967755208
-407.1590703556184,-70.94775667679204
-407.51345586921576,-71.88363969978673
-407.86583576735126,-72.82027972260524
-408.2161418971687,-73.75769731385957
-408.5643059099222,-74.69591261175819
-408.9102592471224,-75.63494531272046
-409.25393314284725,-76.57481465385047
-409.59525860151683,-77.51553940438282
-409.93416643655775,-78.457137834895
-410.27058722219704,-79.39962771811852
-410.60445134020586,-80.34302629543556
-410.9356889491629,-81.28735027129122
-411.2642299821061,-82.23261579727823
-411.5900041769395,-83.17883844492009
-411.9129410638434,-84.12603319363026
-412.23296994883646,-85.07421441980182
-412.5500199697404,-86.02339586141736
-412.86402005326823,-86.9735906164124
-413.17489894042166,-87.92481111785104
-413.4825853139416,-88.87706907671291
-413.7870196967348,-89.83037166857618
-414.0881666877959,-90.78471783980143
-414.38599357361613,-91.74010533760817
-414.680467584874,-92.69653159275502
-414.97155583560635,-93.65399373568269
-415.25922533587675,-94.61248858880793
-415.5434430393101,-95.57201264890722
-415.8241757751351,-96.5325621041137
-416.1013903248275,-97.49413280786139
-416.3750533781421,-98.45672028862901
-416.6451315734774,-99.42031973513211
-416.9115914833208,-100.38492599748182
-417.1743996048086,-101.35053358663467
-417.43352241210056,-102.3171366570453
-417.68892631658525,-103.28472901470838
-417.9405777064125,-104.25330410373904
-418.1884429519483,-105.22285500246394
-418.43248835987185,-106.19337443252046
-418.6726802689715,-107.1648547319324
-418.9089849803884,-108.13728787044757
-419.14136611043347,-109.11066607850438
-419.3697808893559,-110.08498266693658
-419.5941854494917,-111.06023069650344
-419.8145356716254,-112.03640276405815
-420.03078721514254,-113.01349098722251
-420.2428955167883,-113.99148699658623
-420.45081580803014,-114.9703819237706
-420.65450309404156,-115.95016639777303
-420.85391216999164,-116.9308305331402
-421.04899767059,-117.91236391178424
-421.2397140241997,-118.89475558436655
-421.42601547786285,-119.87799405706713
-421.60785611161776,-120.86206728080806
-421.7851898715468,-121.84696263731865
-421.9579705386687,-122.83266693713247
-422.1261517559486,-123.81916640679778
-422.2896870684287,-124.80644667450593
-422.44852989068113,-125.79449276808478
-422.6026335478007,-126.78328910115006
-422.7519512382123,-127.77281947053353
-422.8964409832538,-128.76306632802147
-423.03612493148904,-129.75400251151515
-423.17107222614356,-130.7455948432932
-423.3013531994496,-131.7378110460155
-423.42703854493766,-132.73061984877515
-423.5481991862403,-133.7239909898776
-423.66490625188135,-134.71789520350055
-423.7772310788799,-135.71230420302666
-423.88524517635193,-136.70719066886997
-423.98902018425736,-137.70252823622138
-424.0886278751076,-138.69829147778145
-424.1841400822334,-139.69445589376699
-424.27562875187397,-140.69099788926
-424.363165871538,-141.6878947636474
-424.4468234638314,-142.6851246934235
-424.52667355196684,-143.6826667170363
-424.60278823834176,-144.68050071142332
-424.67523598965715,-145.67860764400348
-424.7440277841029,-146.676973215572
-424.80912672382607,-147.67558638080314
-424.87049450292056,-148.67443577952483
-424.92809271464927,-149.67350963649935
-424.98188287177584,-150.6727957540194
-425.0318264164843,-151.6722815058
-425.07788474117496,-152.6719538303062
-425.1200191858607,-153.6717992254605
-425.15819103404,-154.6718037432632
-425.19236154564834,-155.67195298299245
-425.22249194952434,-156.6722320862081
-425.2485434348297,-157.6726257315567
-425.27047721618504,-158.67311812770402
-425.28825449348267,-159.6736930094093
-425.3018364530728,-160.67433363213064
-425.31118434367096,-161.67502276587354
-425.3162594130729,-162.67574269128215
-425.31702296712893,-163.67647519421513
-425.31343635987224,-164.67720156125682
-425.305461006868,-165.67790257516157
-425.2930584299354,-166.678558510825
-425.2761906895051,-167.67914913884613
-425.25484197598644,-168.67965419035573
-425.2290274150214,-169.6800539774958
-425.1987644705921,-170.68032907962558
-425.1640705986809,-171.68046030154198
-425.1249632371385,-172.68042867110927
-425.08145983248795,-173.68021543822766
-425.03357784181384,-174.67980207326676
-424.9813346677895,-175.67917026207613
-424.92474772504863,-176.67830190705678
-424.8638343848356,-177.67717912229674
-424.79861200261803,-178.67578423296197
-424.7290978852593,-179.674099771116
-424.655309319181,-180.67210847538
-424.57726354531064,-181.66979328707376
-424.49497775618966,-182.6671373476865
-424.4084690950467,-183.6641239964934
-424.31775466333636,-184.6607367689611
-424.2228515012012,-185.65695939277106
-424.12377657295843,-186.65277578396322
-424.020546804399,-187.6481700481863
-423.9131790437153,-188.64312647452726
-423.80169008019436,-189.63762953501922
-423.6860966101516,-190.63166387849307
-423.56641526007627,-191.62521433045112
-423.44265939551855,-192.61826549342732
-423.3148252230307,-193.61079990113498
-423.18290338936373,-194.60279927407913
-423.04688447384456,-195.5942451781429
-422.90675910788144,-196.58511903884764
-422.7625178776061,-197.57540212637673
-422.6141514082543,-198.56507556578543
-422.46165033973637,-199.55412033218423
-422.3050052976326,-200.54251724464382
-422.14420695796343,-201.5302469747187
-421.9792459809921,-202.51729003442958
-421.8101130819398,-203.50362678627522
-421.6367989824166,-204.4892374337538
-421.45929444263027,-205.4741020253636
-421.27759026033755,-206.45820045312618
-421.0916772619388,-207.44151244957004
-420.9015463161108,-208.42401758884563
-420.70718835708465,-209.4056952900084
-420.50859433868834,-210.38652480681097
-420.305755274161,-211.36648523402954
-420.0986622613078,-212.34555551206716
-419.88731101069175,-213.32371540371082
-419.6717212807422,-214.3009498655323
-419.45192060923057,-215.27724581951907
-419.22793660514003,-216.25259052315286
-418.9997968779631,-217.2269715522724
-418.7675291013573,-218.20037681475264
-418.53116094968544,-219.17279453467225
-418.2907200796161,-220.1442132462543
-418.04623419665063,-221.11462180883643
-417.79773096511786,-222.0840093831929
-417.5452380575365,-223.0523654422576
-417.2887831310332,-224.01967976361095
-417.02839379819534,-224.98594241997677
-416.76409767681247,-225.95114379072533
-416.49592231173733,-226.9152745388977
-416.22389521667355,-227.8783256204563
-415.9480438785769,-228.84028828373943
-415.6683957147199,-229.8011540552551
-415.38497808872194,-230.76091474200825
-415.097818287986,-231.71956242262024
-414.8069435635215,-232.6770894569717
-414.51238105145626,-233.6334884602485
-414.21415783987413,-234.58875232075732
-413.9123009414549,-235.5428741893546
-413.60683726286203,-236.49584746728
-413.2977936229305,-237.4476658092748
-412.9851967573675,-238.39832312250797
-412.6690733114715,-239.34781356211036
-412.34944974153507,-240.29613149460945
-412.0263522714524,-241.24327148017835
-411.69977149291265,-242.1892160475387
-411.3696394614621,-243.13392709845306
-411.0358819557875,-244.07736340063963
-410.6984250676736,-245.01948280783918
-410.35719489117065,-245.96024212648956
-410.0121176319411,-246.89959712551652
-409.6631195849972,-247.83750250043704
-409.3101271924434,-248.7739118659719
-408.95306702484845,-249.7087777203644
-408.59186582854846,-250.64205143405698
-408.2264505337979,-251.5736832234772
-407.8567482989125,-252.50362213867623
-407.4826864903522,-253.43181602551044
-407.10419279956545,-254.35821154249822
-406.72119516997907,-255.2827541013799
-406.3336219151102,-256.20538788524686
-405.9414017057037,-257.1260558133571
-405.54446364066183,-258.0446995410949
-405.14273724619113,-258.961259429691
-404.736152563058,-259.8756745543705
-404.32464015882033,-260.7878826804387
-403.90813119102927,-261.6978202625439
-403.4865574432642,-262.6054224318129
-403.0598514363451,-263.51062302099655
-402.62794625116635,-264.4133544484603
-402.1907763683294,-265.313548104792
-401.7482787972456,-266.21113488021103
-401.3005021179459,-267.10609977334116
-400.8476211446558,-267.99849259429106
-400.3898193879837,-268.88837105288945
-399.92727873312936,-269.775795564506
-399.460180276438,-270.6608295485896
-398.9887040317333,-271.54353916819394
-398.51302894652093,-272.42399321902957
-398.0333328388777,-273.30226297665104
-397.54979236679304,-274.1784220576151
-397.0625830612133,-275.05254631440175
-396.57187924504603,-275.9247136658451
-396.0778541174276,-276.79500401840016
-395.5806796945557,-277.6634991064654
-395.080526857982,-278.5302823925548
-394.5775654130843,-279.39543897382043
-394.07196404496506,-280.25905542910465
-393.5638904376033,-281.121219760814
-393.0535112611958,-281.9820212604061
-392.5409922410455,-282.8415504218698
-392.0264982393038,-283.6998988636853
-391.51019327235144,-284.557159212996
-390.99224058908936,-285.4134250263238
-390.47280273896115,-286.2687907058225
-389.95204170442315,-287.12335145139775
-389.43007337875906,-287.97717531777715
-388.9068150755618,-288.8302092400969
-388.3821299501285,-289.68236629407875
-387.8558815698675,-290.5335588501728
-387.32793385795253,-291.383698449815
-386.79815113469436,-292.23269573575436
-386.2663981918762,-293.0804604042927
-385.7325402872689,-293.92690110693314
-385.1964432459953,-294.7719254188384
-384.6579734403524,-295.6154397303468
-384.11699790582816,-296.4573492244563
-383.5733843656174,-297.2975577961869
-383.0270012946737,-298.1359679969536
-382.47771799556506,-298.9724809867605
-381.9254046490551,-299.8069964700563
-381.3699324204124,-300.6394126685932
-380.8111735039629,-301.46962625402216
-380.2490012297885,-302.2975323223992
-379.68329014553166,-303.1230243531406
-379.113916115094,-303.9459941806059
-378.5407564161411,-304.7663319663741
-377.9636898429428,-305.5839261770087
-377.38259682246695,-306.39866357309234
-376.7973595448595,-307.2104292118264
-376.2078620045151,-308.01910638651174
-375.6139903646063,-308.8245768077792
-375.01563264622996,-309.62672029067863
-374.41271180807763,-310.42543963066686
-373.805216570462,-311.2206852930352
-373.19314451990385,-312.0124137379899
-372.57649286936123,-312.80058051521246
-371.95525885318125,-313.5851405346124
-371.3294396455783,-314.3660479853436
-370.6990323954142,-315.14325633978893
-370.06403427840445,-315.9167183742214
-369.4244424495534,-316.68638610748445
-368.7802541370619,-317.45221085576344
-368.131466591468,-318.2141431671699
-367.4780771872777,-318.97213288549784
-366.82008331009854,-319.726129027614
-366.1574827348239,-320.4760800952696
-365.49027293394704,-321.22193343856964
-364.81850615942716,-321.9636850926492
-364.1423403503446,-322.7014288997558
-363.4619462730604,-323.4352749472148
-362.77749235149827,-324.16533587103856
-362.0891453298753,-324.8917272949127
-361.39707001524744,-325.6145674446377
-360.7014293757146,-326.33397708038126
-360.00238447990415,-327.0500792778904
-359.3000945443625,-327.76299930870834
-358.59471694353124,-328.47286448210684
-357.88640724446367,-329.17980400894714
-357.17531922368823,-329.8839488458321
-356.46160496724275,-330.5854316217647
-355.74541487496606,-331.28438646769064
-355.0268977416544,-331.98094892301117
-354.30620083269133,-332.67525583677417
-353.58346995388894,-333.36744526313873
-352.85884952708096,-334.05765636284514
-352.13248268847093,-334.7460293293539
-351.404511328521,-335.4327052528435
-350.67507636444964,-336.11782623413615
-349.94431719270995,-336.80153461979626
-349.2123715959576,-337.48397272549914
-348.47927970714585,-338.16517930928825
-347.74495476803156,-338.84505650971704
-347.0092993218903,-339.52349382439866
-346.2722172169492,-340.2003808868633
-345.53361281166747,-340.8756065213285
-344.7933912173824,-341.54905890730583
-344.0514583405683,-342.22062553178193
-343.3077209478939,-342.89019316503163
-342.5620867085668,-343.55764781208086
-341.81446427117913,-344.22287470255054
-341.06476335352215,-344.88575829621783
-340.3128947881829,-345.5461822396915
-339.55877058782926,-346.20402934598843
-338.8023040406267,-346.85918160882386
-338.0434098370162,-347.51152025812775
-337.28200541187937,-348.1609272383499
-336.5180245850711,-348.80730129532736
-335.7514104367814,-349.4505499822576
-334.9821071060003,-350.0905800681646
-334.2100595827607,-350.7272972327184
-333.4352137905306,-351.3606061021413
-332.6575166151942,-351.990410221959
-331.87691595111914,-352.6166120497291
-331.0933607492805,-353.23911295051664
-330.30680106984596,-353.85781319814686
-329.51718811559454,-354.47261195228276
-328.7244742954408,-355.0834072738133
-327.9286132798896,-355.6900961307985
-327.12956004600716,-356.29257439147085
-326.3272709585544,-356.8907368650441
-325.52170380916345,-357.48447729080937
-324.7128178216837,-358.0736882732846
-323.9005740769134,-358.65826181626124
-323.08493630924164,-359.23809037331773
-322.2659278743052,-359.81314802539686
-321.4436356671456,-360.3835002431837
-320.618149825386,-360.94922035816194
-319.7895587331316,-361.51038247962975
-318.9579494764061,-362.0670620721153
-318.1234077042035,-362.6193356957491
-317.28601767281395,-363.1672810036464
-316.445862227456,-363.7109766473629
-315.60302282936175,-364.2505022488002
-314.75757954467196,-364.7859383123714
-313.9096110555158,-365.3173661695417
-313.0591946936495,-365.84486795874943
-312.20640642270155,-366.36852652232085
-311.35132088699294,-366.8884254095987
-310.49401141631273,-367.404648808827
-309.63455005384753,-367.9172815164151
-308.77300756766635,-368.42640887863826
-307.90945349185563,-368.93211678301276
-307.0439561468163,-369.43449161531834
-306.17658264377206,-369.9336201882536
-305.30739898725847,-370.42958984226834
-304.4364699264482,-370.9224881041296
-303.56385931922546,-371.4124032527482
-302.6896107078456,-371.89938938569344
-301.81373037990306,-372.38343460634167
-300.9362197022883,-372.86451790112676
-300.05708043590096,-373.34261859713484
-299.1763144682693,-373.81771588777656
-298.2939238831177,-374.2897889545798
-297.409910951791,-374.7588169519962
-296.52427812152814,-375.22477898370016
-295.63702804670277,-375.6876541609359
-294.74816356226995,-376.14742155129437
-293.85768770181585,-376.60406021241874
-292.96560369879927,-377.05754919400243
-292.071914979149,-377.5078675227576
-291.17662516769224,-377.95499421434806
-290.27973810768236,-378.3989083123904
-289.3812578288238,-378.8395888240539
-288.4811885793261,-379.27701478470266
-287.57953481270874,-379.71116523100056
-286.6763012020854,-380.1420192317016
-285.77149259314257,-380.5695557865439
-284.8651136097269,-380.9937529860523
-283.957161979358,-381.41457356826896
-283.0476310356327,-381.83196976821955
-282.1365143694584,-382.2458931260999
-281.2238060307348,-382.6562948975324
-280.3095005300028,-383.0631260381649
-279.39359283877775,-383.4663371824051
-278.4760784071597,-383.86587866146476
-277.55695317315894,-384.26170050264204
-276.6362135718143,-384.6537524280913
-275.7138565534474,-385.0419838750298
-274.78987959643416,-385.4263440038337
-273.86428071116126,-385.8067816850095
-272.9370584575579,-386.18324551868204
-272.00821195728656,-386.5556838418112
-271.0777409035951,-386.924044729793
-270.1456455855965,-387.28827603496717
-269.2119268869003,-387.6483253609893
-268.27658629545283,-388.00414006471414
-267.33962594289125,-388.3556673369401
-266.4010485814607,-388.7028541193697
-265.46085762906,-389.04564720338146
-264.51905715054335,-389.383993156111
-263.57565194189726,-389.7178385362098
-262.63064735762106,-390.0471293845602
-261.6840575640791,-390.3718352282176
-260.73591539686333,-390.6919798165568
-259.78625627664354,-391.0075961666097
-258.83511495839895,-391.31871723377725
-257.8825256716189,-391.6253762892635
-256.9285220835948,-391.92760679694413
-255.97313732460185,-392.2254424699338
-255.01640396101033,-392.5189171654238
-254.0583540193877,-392.80806493967407
-253.09901898058746,-393.0929200070361
-252.13842978595096,-393.3735167377845
-251.176616830548,-393.6498896109778
-250.21360998206836,-393.92207325499294
-249.24943857177178,-394.1901023912854
-248.28413140263896,-394.45401183711516
-247.3177167550203,-394.71383649966907
-246.3502223903152,-394.9696113629526
-245.38167555204166,-395.22137146401326
-244.41210297646515,-395.4691519053495
-243.4415308857344,-395.7129877990669
-242.4699850146987,-395.9529143437112
-241.4974905905828,-396.18896671358965
-240.524072354523,-396.4211801153516
-239.5497545630527,-396.6495897631646
-238.57456099806,-396.87423089277775
-237.59851493565012,-397.0951385871151
-236.62163924633225,-397.3123481927052
-235.64395152638537,-397.5258730150122
-234.66546105407335,-397.73568845836786
-233.6861763075463,-397.94176492697375
-232.70610613962072,-398.1440730857489
-231.72525969852754,-398.3425834990585
-230.7436464571579,-398.5372667531455
-229.7612762040344,-398.7280934042009
-228.77815905184102,-398.91503400960556
-227.7943054431485,-399.0980591485275
-226.80972614870217,-399.2771394034485
-225.82443226918343,-399.45224535904447
-224.83843524433382,-399.6233476432518
-223.85174685377655,-399.7904169240512
-222.86437922010563,-399.95342391972576
-221.87634480426823,-400.11233936197374
-220.8876564212513,-400.2671340841196
-219.89832723290465,-400.4177789707027
-218.90837075179655,-400.56424497491156
-217.91780084698576,-400.7065031508807
-216.92663174415307,-400.84452465169085
-215.93487801541568,-400.9782806514561
-214.94255541446427,-401.10774871723044
-213.94968214132226,-401.23292375285575
-212.9562768470532,-401.3538040532326
-211.96235814991198,-401.4703877120132
-210.9679446621175,-401.58267280191035
-209.97305497949836,-401.6906572714628
-208.97770769440115,-401.79433903657105
-207.98192139073637,-401.89371591463384
-206.98571464913334,-401.9887856497073
-205.9891060494901,-402.07954591491045
-204.9921141711608,-402.16599428799896
-203.99475759989335,-402.2481283033501
-202.99705492437494,-402.3259453837302
-201.99902474432812,-402.3994429108436
-201.00068566682813,-402.46861814553085
-200.0020563149139,-402.53346831329236
-199.00315532570696,-402.5939905446842
-198.00400135424874,-402.65018189648856
-197.00461307597416,-402.70203935392226
-196.00500918864915,-402.74955982356494
-195.00520841462938,-402.7927401287895
-194.00522950450448,-402.83157704120094
-193.00509123770183,-402.8660672349392
-192.00481242600338,-402.89620733153697
-191.00441191440672,-402.9219937918599
-190.00390859077717,-402.94342337984403
-189.0033213807009,-402.96049266179404
-188.00266973837935,-402.9732368315824
-187.00197304920738,-402.9817375934889
-186.00124968269927,-402.9860813932586
-185.0005169256965,-402.98635430054026
-183.99979101477751,-402.98264264959175
-182.99908715474976,-402.9750328089062
-181.99841954133313,-402.96361122605515
-180.99780138338454,-402.9484643767469
-179.99724492499308,-402.9296787808673
-178.99676146914103,-402.9073409300387
-177.9963614000879,-402.88153730967326
-176.9960542062933,-402.85235438608305
-175.9958485039907,-402.81987858034967
-174.99575206024286,-402.7841962552087
-173.99577181850935,-402.74539367324684
-172.99591391121737,-402.70355718160357
-171.9961837248012,-402.65877243343425
-170.99658658432236,-402.6111102119372
-169.99713400367864,-402.5605072166707
-168.99784135232335,-402.5068385903359
-167.99872523660815,-402.4499781299882
-166.9998034570203,-402.38980003881494
-166.00109507761238,-402.32617852307493
-165.00262046288685,-402.25898798796004
-164.0044013270644,-402.1881030031317
-163.00646077875658,-402.11339834340805
-162.00882336311943,-402.03474905203234
-161.01151510354015,-401.95203049609404
-160.0145635483418,-401.8651183518918
-159.01799780529925,-401.7738887296506
-158.0218485798593,-401.6782182245303
-157.026148223906,-401.5779838747346
-156.0309307257836,-401.4730636232337
-155.03623162675115,-401.3633374811579
-154.042083692543,-401.24872504660425
-153.048517347727,-401.12917570197857
-152.05556365870194,-401.004640171997
-151.0632545671813,-400.8750685919462
-150.07162287616148,-400.7404108150567
-149.08070226960638,-400.60061639742713
-148.09052733505658,-400.455634582418
-147.1011335780885,-400.305414339718
-146.1125574433849,-400.14990436131416
-145.1248363309493,-399.9890530906459
-144.13800861186877,-399.8228087530827
-143.15211365560344,-399.6511193194467
-142.16719183346027,-399.47393260917903
-141.18328455108264,-399.2911962288945
-140.20043424776725,-399.10285768627955
-139.21868446381922,-398.9088641720033
-138.2380796712903,-398.70916347951504
-137.25866580035805,-398.50370156887794
-136.28047316721288,-398.29250195023354
-135.30349797880535,-398.0757403113162
-134.32772795230775,-397.853616530899
-133.35314773345397,-397.6263292270732
-132.37973866086898,-397.39407742802325
-131.40747899163273,-397.15706000884694
-130.4363440125058,-396.9154757087099
-129.46630618918775,-396.66952298237027
-128.49733530064202,-396.41939993289765
-127.5293985647267,-396.1653042846003
-126.5624607892839,-395.90743326629854
-125.59648449531504,-395.64598360849243
-124.63143005525991,-395.3811514877577
-123.66725582552831,-395.1131324968676
-122.70391827172105,-394.8421216438724
-121.74137210331145,-394.56831331875225
-120.7795703988028,-394.29190129555724
-119.81846472273176,-394.01307876252804
-118.85800525886981,-393.7320382961853
-117.89814092268628,-393.4489719048358
-116.93881951053318,-393.1640709518234
-115.97998765027717,-392.8775267302367
-115.02159162710092,-392.58952814557864
-114.06357732240805,-392.3002623188423
-113.10595341372411,-392.0097066810363
-112.14879604852496,-391.71761782107546
-111.19218842852109,-391.4237335096173
-110.2362145495177,-391.12779421022105
-109.28096039165406,-390.8295399210524
-108.32651389754784,-390.5287110374886
-107.372965287046,-390.2250481074625
-106.42040727680423,-389.91829190948596
-105.46893532332712,-389.6081834611373
-104.51864785091875,-389.29446408373
-103.56964649246584,-388.97687543560374
-102.6220363083282,-388.65515961954145
-101.67592602811769,-388.3290592294671
-100.73142824786801,-387.99831753423393
-99.78865966389327,-387.6626785589063
-98.84774126812793,-387.32188728004115
-97.90879855457383,-386.9756897898031
-96.97196170195878,-386.623833525218
-96.0373657454941,-386.2660675177973
-95.10515077407831,-385.9021425803528
-94.17546196467488,-385.53181186983636
-93.2484501282101,-385.15483023696305
-92.32427026239063,-384.77095824267934
-91.40308474904057,-384.3799552265639
-90.48494072207441,-383.98186277260567
-89.56970524196424,-383.5771281091943
-88.65721330434668,-383.16624544026286
-87.74729186336484,-382.74970121857007
-86.8397583526137,-382.3279796952674
-85.93442222610915,-381.90156133540336
-85.0310856687614,-381.4709232214208
-84.12954449679002,-381.0365390161457
-83.22958894435676,-380.5988791856527
-82.33100446093746,-380.1584111953483
-81.43357246748404,-379.7155997886259
-80.5370710877675,-379.27090730923015
-79.64127585262642,-378.82479407037107
-78.745960395363,-378.3777187330757
-77.85089712508405,-377.93013872080473
-76.95585788873704,-377.48251064891093
-76.06061461742217,-377.0352907813085
-75.16494009611166,-376.5889352294692
-74.26860810453277,-376.143901430262
-73.37139610387977,-375.7006444400233
-72.47308131499331,-375.2596266696754
-71.5736338923262,-374.82092354340443
-70.67334174497378,-374.38395651248385
-69.77253163011899,-373.9480582913964
-68.87152492903553,-373.5125665564132
-67.97064304008485,-373.07681668827803
-67.07020792071991,-372.6401443607127
-66.17054397264052,-372.2018854117724
-65.27197952109128,-371.76137655591515
-64.37484843859107,-371.31795582350856
-63.47949162175921,-370.8709633239095
-62.586258528920084,-370.41974191024065
-61.69550857296949,-369.963638154776
-60.80761263474441,-369.5020031029029
-59.92295382963911,-369.0341944898181
-59.04193049041042,-368.55957458590626
-58.1648505539109,-368.07770656197414
-57.291651786661554,-367.58884047389824
-56.42217186695686,-367.09339040691043
-55.55624026975302,-366.59176446685996
-54.69367741132852,-366.08436774960353
-53.83429579573842,-365.5716013743135
-52.977900637788686,-365.05386258684666
-52.124290547470046,-364.5315447389628
-51.2732581938495,-364.00503732679795
-50.42459091812694,-363.47472611791756
-49.57807130629525,-362.9409933469525
-48.73347777292179,-362.4042178929691
-47.89058508496724,-361.864775549819
-47.04916486052639,-361.3230393307177
-46.20898604874992,-360.7793797961779
-45.36981541250614,-360.23416537184465
-44.531417955568145,-359.687762746133
-43.69355737035805,-359.14053723058913
-42.85599643048346,-358.5928532002356
-42.018497433695444,-358.04507445352687
-41.180822583387,-357.49756466303234
-40.34273448005344,-356.95068766173637
-39.50399612810423,-356.404808454104
-38.66442569529424,-355.8602098819696
-37.82406732393961,-355.3168279395069
-36.98302570430595,-354.7745041263671
-36.14140461282098,-354.23308001942524
-35.29930748504345,-353.6923966071613
-34.45683734658196,-353.1522945883026
-33.61409695605235,-352.6126143504593
-32.771188841717695,-352.0731961122243
-31.92821544853232,-351.5338798939147
-31.085279178481734,-350.99450565501945
-30.242482501157912,-350.45491332219797
-29.39992803045989,-349.9149428703673
-28.55771863513552,-349.3744343511396
-27.715957487184326,-348.8332280182886
-26.87474819017611,-348.29116432874775
-26.034194832593936,-347.748084060348
-25.194402104317803,-347.20382833151945
-24.35547534089182,-346.65823873264435
-23.517520634918622,-346.111157353429
-22.68064490100229,-345.56242688162035
-21.844955956911498,-345.01189067628866
-21.010562606812535,-344.4593928373885
-20.177574687791356,-343.90477833049925
-19.34610314178223,-343.3478930701083
-18.516260158205906,-342.78858390151305
-17.6881588889354,-342.22669920188287
-16.861910581716998,-341.6620932708678
-16.037579544931905,-341.09469176726355
-15.215200605488375,-340.52446461454474
-14.394807947007157,-339.9513834587865
-13.576436394373317,-339.3754198076384
-12.760121194675888,-338.796545365002
-11.945898081632748,-338.21473195169773
-11.133803249807304,-337.6299515571153
-10.323873379465256,-337.0421763186656
-9.51614563845024,-336.4513785341223
-8.710657686949878,-335.8575306699329
-7.907447660468779,-335.260605398938
-7.106554203554878,-334.66057556934
-6.308016459023309,-334.0574142341951
-5.511874074434796,-333.4510946575386
-4.718167194778967,-332.84159033880485
-3.9269364795883837,-332.2288750045441
-3.138223111545924,-331.61292261392
-2.3520687050293048,-330.993707484936
-1.5685157123376388,-330.3712038084393
-0.7876058789371304,-329.74538756743334
-0.00937928919588453,-329.11623774860607
0.7662829401771399,-328.4839291046448
1.5396666579610165,-327.84883560439056
2.31107444749665,-327.21134352980107
3.0808111663770337,-326.5718347269671
3.849185127708019,-325.9306892050695
4.616507015303381,-325.28828493527465
5.383089430541955,-324.6449984316872
6.149246333021973,-324.0012051994281
6.9152924582101996,-323.3572801578222
7.681542817827271,-322.7135981622109
8.448312142604554,-322.07053445809
9.215914335702253,-321.42846514875083
9.984661945066964,-320.7877676869428
10.754865556715664,-320.1488212720245
11.526833281422746,-319.512007362962
12.300870011196668,-318.877709903183
13.07727725519291,-318.24631628242605
13.856350774147145,-317.6182154932915
14.638340998200155,-316.9937498132197
15.423135706532513,-316.37281230423656
16.210456982379178,-315.7550815112518
17.000027717309997,-315.14022853873496
17.791575259037046,-314.5279225583911
18.58483015264524,-313.91783010785775
19.37952597227502,-313.30961577145786
20.17539882997312,-312.7029424497764
20.972186989715585,-312.097471762257
21.76963036852021,-311.49286430067764
22.567470128361773,-310.88877999974795
23.365448176592473,-310.2848783856084
24.16330672746648,-309.6808189035963
24.96078781087316,-309.07626117548176
25.7576328175395,-308.4708653047438
26.553582042879814,-307.8642921799183
27.34837420500924,-307.2562037459218
28.141746078965834,-306.64626342457933
28.933431754937317,-306.0341360586335
29.72316344075439,-305.41948982267996
30.51067179045664,-304.8019975357184
31.29585913076361,-304.1815565997197
32.07884136609738,-303.5583351717961
32.859754138504826,-302.9325226082212
33.63873366167488,-302.30430526709387
34.41591821121317,-301.67386867195484
35.191447517872064,-301.0413969972064
35.96546273155184,-300.4070732834637
36.738106298349024,-299.77107953853823
37.50952175510015,-299.13359674033643
38.27985364835998,-298.49480499088463
39.0492474039267,-297.85488360989626
39.8178491667822,-297.2140111927256
40.58580570193116,-296.57236574150346
41.35326430127658,-295.93012480288183
42.12037260821898,-295.2874655071706
42.887278548707876,-294.6445647345845
43.65413021323703,-294.0015992226556
44.421075694941834,-293.35874562103885
45.188263140394135,-292.7161808007501
45.955840082241636,-292.0740813040084
46.72395387534359,-291.4326241141507
47.49267543021155,-290.7918953927056
48.26195871573969,-290.1518412136084
49.03174530754714,-289.5123924449321
49.801977591796685,-288.87348059397334
50.57259792138038,-288.23503683566173
51.343548803909506,-287.5969922747934
52.11477284775578,-286.9592779193724
52.88621273295176,-286.3218246830888
53.657811202457516,-285.6845634126696
54.429511064679794,-285.04742492884833
55.20125514229718,-284.4103400023411
55.97298627101969,-283.7732393902858
56.74464728208409,-283.13605385300286
57.51618098750349,-282.4987141740863
58.28753014349038,-281.86115115408444
59.05863746129651,-281.2232956615548
59.82944555736133,-280.58507861075555
60.59989698949761,-279.9464310430747
61.3699341018344,-279.30728397835503
62.13949940776329,-278.66756891269694
62.90853597397077,-278.0272183175307
63.677037196531884,-277.3862253415216
64.4450548189073,-276.7446530097588
65.21264519460776,-276.1025695728484
65.97986447693762,-275.4600427658061
66.74676902176333,-274.81714032839125
67.51341524442077,-274.17392986967155
68.27985966562885,-273.53047895925386
69.04615885790635,-272.88685509950767
69.8123694310944,-272.24312574453427
70.57854802763408,-271.5993583306922
71.34475130448972,-270.955620291228
72.1110358962538,-270.3119790484917
72.87745845370053,-269.6685020960392
73.64407548437342,-269.0252568448056
74.410943450648,-268.3823107761017
75.17810579672198,-267.73971598965124
75.9455873603379,-267.0975024936307
76.71341109276229,-266.4556981302778
77.48160000233594,-265.81433089996
78.25017701050453,-265.1734287955616
79.01916500292337,-264.5330198696191
79.7885868085689,-263.89313221549133
80.55846517671574,-263.2537939457393
81.32882280547355,-262.6150332325445
82.09968233371083,-261.9768783041411
82.87106630501226,-261.33935740746495
83.64299719114963,-260.7024988422944
84.41549745915407,-260.0663310494765
85.18858917407178,-259.43088213282437
85.96229425727168,-258.796180179658
86.7365769262167,-258.1621829615431
87.5113166439307,-257.528744333796
88.28638461441251,-256.89570739495207
89.06165278088075,-256.26291564798083
89.8369931195114,-255.63021233345222
90.61227768515833,-254.9974406785814
91.38737848153077,-254.36444393261917
92.16216736950227,-253.7310654486021
92.93651594483259,-253.09714872787077
93.71029546043502,-252.46253751919875
94.48337669075632,-251.82707584745697
95.25562987251745,-251.1906081356491
96.02692456932458,-250.55297923451207
96.79712959624086,-249.91403452535937
97.56611292044255,-249.27361999404485
98.33374157526076,-248.6315823215421
99.09988155265506,-247.98776894788028
99.86439776649922,-247.3420282247263
100.62715381697453,-246.69420931575056
101.38806376594842,-246.04422303462042
102.14725914941656,-245.39223492389067
102.90493115030705,-244.7384771224199
103.6612725214867,-244.08318035371
104.41647747865133,-243.42657423329342
105.17074142951486,-242.76888736459745
105.92426078316863,-242.11034753395924
106.67723272082395,-241.45118185977975
107.42985498995345,-240.79161696915287
108.1823256969747,-240.1318791727341
108.93484310574524,-239.47219464628307
109.68760541988081,-238.8127895937212
110.44081059203714,-238.1538904409593
111.19465610487727,-237.49572399722373
111.94933879981076,-236.83851767149255
112.70505457416252,-236.18249953636172
113.46199837041227,-235.52789873253826
114.2203633519065,-234.87494491814775
114.98031927582649,-234.2238434556573
115.74185396335935,-233.57458923396055
116.50487273412108,-232.92707978979698
117.26928048139986,-232.2812106695353
118.03498301895061,-231.6368771000329
118.8018867717257,-230.9939737178906
119.56989879385802,-230.35239468245754
120.33892673783669,-229.7120337324859
121.10887878702674,-229.0727841983913
121.87966361661086,-228.43453904847567
122.65119036457907,-227.79719094728912
123.42336856254488,-227.16063226538336
124.19610811764414,-226.52475515075324
124.96931923003373,-225.88945152208186
125.74291236617267,-225.2546131295413
126.51679821744288,-224.62013159779474
127.29088763410876,-223.98589843883173
128.06509157371354,-223.35180508228223
128.83932106740855,-222.7177429275861
129.61348714591148,-222.0836033468929
130.38750084064029,-221.44927777958128
131.16127302347888,-220.8146576303281
131.93471465128437,-220.17963465933357
132.70774067117048,-219.54410582656163
133.48033102763765,-218.90804744412176
134.2525110235941,-218.27149094321464
135.02430754600834,-217.63446955199439
135.79574735008626,-216.9970162175358
136.5668573168531,-216.35916392737423
137.33766437181922,-215.72094561916694
138.1081954761673,-215.0823941786812
138.87847765246147,-214.44354247930264
139.64853795845423,-213.80442335891144
140.4184034874489,-213.1650696288203
141.18810136840958,-212.52551408239748
141.95765876561,-211.88578950312112
142.72710284868933,-211.2459286370493
143.49646081286312,-210.60596422563358
144.26575987839243,-209.9659290135611
145.0350272686619,-209.32585573089395
145.8042902084246,-208.68577709945552
146.57357592596938,-208.04572584393037
147.34291165919234,-207.40573470766415
148.11232460971468,-206.76583640598272
148.88184200904155,-206.12606371430195
149.65149095190043,-205.48644927595868
150.42129738201893,-204.84702438979838
151.191252429851,-204.2077784674927
151.9613134485992,-203.56866020586685
152.7314359627393,-202.92961604610602
153.50157563967667,-202.2905925700691
154.27168813085527,-201.65153633166184
155.04172907403748,-201.01239388217212
155.81165410486457,-200.3731118068541
156.5814188098912,-199.73363669098893
157.350978767184,-199.0939151913913
158.12028948699154,-198.4538939875991
158.8893064270555,-197.813519822901
159.65798497300239,-197.17273950336363
160.42628044646796,-196.53149993004266
161.19414801963072,-195.88974801929194
161.9615429490687,-195.2474310047292
162.72842001847224,-194.6044957933335
163.4947956639076,-193.96096297063684
164.26083736740475,-193.31703266864702
165.0267372444214,-192.67293368307938
165.79268720656,-192.02889425846
166.5588791883471,-191.38514277537374
167.32550486819898,-190.74190783234516
168.09275549714312,-190.09941845708425
168.86082166891805,-189.45790424780193
169.62989317063065,-188.8175956111498
170.4001587394934,-188.17872388824117
171.1718058639043,-187.54152153403004
171.94502055371586,-186.90622225937344
172.7199871595513,-186.27306123385299
173.4968880427583,-185.6422751026279
174.27590360960056,-185.01410246023443
175.05721105412215,-184.38878269673907
175.84098231473902,-183.76655384979176
176.62715615431827,-183.14736340335924
177.41535853211627,-182.53075725623188
178.20519330093686,-181.91624349603737
178.9962694962404,-181.30332867434285
179.7881989663945,-180.6915167431471
180.58059577101847,-180.08031020763616
181.37307506769406,-179.469210633651
182.16525211312498,-178.8577192979256
182.95674126403856,-178.24533784091926
183.74715493822302,-177.63156887104697
184.53610261001634,-177.01591661889265
185.3231898730337,-176.39788768418038
186.1080174600053,-175.7769917331317
186.89018033772683,-175.15274230090932
187.66926696140595,-174.5246577873612
188.4448581806209,-173.89226204834677
189.21652762097438,-173.2550867076756
189.98391301430766,-172.61275832249444
190.74718092280978,-171.9655425784773
191.50673238299456,-171.31396932903533
192.2629794756287,-170.65856376311402
193.01634164693118,-169.99984412514928
193.76724493095352,-169.33832286211234
194.5161206765997,-168.6745071936446
195.2634045090804,-168.00889995341007
196.00953528498832,-167.34200041822203
196.75495414422028,-166.674305241357
197.500103550168,-166.0063093672985
198.245426382934,-165.33850700142148
198.9913650166321,-164.67139255872823
199.73836043283222,-164.00546165175152
200.48685125596666,-163.34121199041198
201.23727286813917,-162.6791443746413
201.99005611144509,-162.0197632150088
202.7456249593356,-161.3635758609459
203.50418339760236,-160.71084680981946
204.26555320130808,-160.0613992380333
205.02951775774983,-159.41500595202183
205.79586370224678,-158.77143775965402
206.56438020325098,-158.13046310151893
207.33485893539427,-157.49184846952323
208.10709385263817,-156.8553585972482
208.88088097354347,-156.22075666179325
209.65601818630643,-155.58780451007667
210.43230498316518,-154.95626279808337
211.20954227413614,-154.32589122631757
211.98753211609747,-153.6964486707818
212.7660774607194,-153.06769333573627
213.54498202966303,-152.4393830642001
214.32405585616206,-151.81128267583682
215.10320935510944,-151.1832811232938
215.8824326346629,-150.55536615650888
216.6617183657245,-149.9275286980194
217.44105912957443,-149.29975955357455
218.22044751938296,-148.67204953872044
218.99987612535276,-148.04438946104173
219.77933754392865,-147.41677013225376
220.55882437421093,-146.78918236442175
221.3383292003252,-146.16161694872343
222.11784462068806,-145.53406469246664
222.89736322411522,-144.90651639008084
223.67687759687553,-144.278962832545
224.45638033969158,-143.65139482917115
225.23586403848557,-143.02380317193663
226.01532127921448,-142.396178654577
226.79474465556697,-141.7685120828117
227.57412674921778,-141.14079425049206
228.3534601484124,-140.51301596334315
229.13273743636893,-139.88516802523156
229.91195120042659,-139.25724125018638
230.69109401979915,-138.6292264478643
231.47015846872583,-138.0011144281306
232.24913713265306,-137.37289602179288
233.02802258848794,-136.74456205676796
233.80680740350635,-136.11610335739948
234.58548415260955,-135.48751076650996
235.36404540886832,-134.85877513433343
236.14248374188793,-134.22988731715031
236.92079171064185,-133.60083816907846
237.69896188199496,-132.97161856565495
238.4769868222432,-132.3422193940094
239.2548590797809,-131.71263153209495
240.0325712179786,-131.08284588997455
240.81011577200587,-130.45285335716216
241.58746658483773,-129.8226217816802
242.36454598267383,-129.19205558025723
243.14126728266993,-128.5610483322215
243.91754363569154,-127.92949378296478
244.69328796499968,-127.29728585790397
245.4684128866521,-126.66431865432298
246.24283068412424,-126.03048649992596
247.01645324106934,-125.39568396024463
247.7891919874324,-124.75980586275008
248.56095787291736,-124.12274735444532
249.3316612786263,-123.4844038846606
250.10121200355454,-122.84467127901591
250.8695191848689,-122.20344573362595
251.63649129223663,-121.56062389876064
252.40203604473734,-120.91610286985693
253.16606037107255,-120.26978023105136
253.9284703952582,-119.62155412884285
254.68917137096017,-118.97132328531369
255.44806765247972,-118.31898705430851
256.2050626217903,-117.66444542851343
256.9600588211171,-117.0075992792106
257.71298394087466,-116.34838012987996
258.4640065179508,-115.68699430261498
259.2134254801997,-115.02379196304248
259.9615438807933,-114.3591228851617
260.7086668916751,-113.69333513275559
261.4551013879496,-113.02677555733912
262.2011553795554,-112.3597901253292
262.94713753290824,-111.69272434761066
263.6933566261046,-111.02592363539458
264.44012109716385,-110.3597337604497
265.18773851032313,-109.69450122361651
265.9365150385205,-109.03057364101835
266.68675496891336,-108.36830015432095
267.4387600691445,-107.708031685814
268.1927511552287,-107.0500320141947
268.9486795624825,-106.39425890856818
269.7064402478268,-105.74060390177489
270.46592906975167,-105.08895763774736
271.22704284733766,-104.43921003914647
271.98967928407285,-103.79125032604323
272.7537369343533,-103.14496708192955
273.51911518156163,-102.5002483344312
274.28571415162554,-101.85698155940217
275.053434681618,-101.2150537498703
275.8221782908365,-100.57435148816435
276.5918470977766,-99.93476095311401
277.36234376784995,-99.29616796354388
278.13357150332934,-98.65845807263595
278.9054339356036,-98.02151654425047
279.6778350890338,-97.38522841524195
280.4506793305419,-96.74947854044778
281.22387131627244,-96.11415163394183
281.997315906342,-95.47913227123328
282.77091813725,-94.84430496144522
283.5445831441994,-94.20955415842168
284.3182161180915,-93.57476431396549
285.09172222896655,-92.93981989012937
285.86500657861694,-92.30460540704995
286.6379741501285,-91.6690054870309
287.4105297067499,-91.03290483707043
288.18257780981634,-90.3961883762251
288.95402267935486,-89.75874117196159
289.72476820695954,-89.12044856142512
290.49471782125954,-88.48119609453236
291.2637747456592,-87.84086994971588
292.03187324101646,-87.19939444221555
292.79901758185713,-86.55677816080266
293.56522131909725,-85.91304066926605
294.33049816570735,-85.268201563019
295.09486191458706,-84.6222803725406
295.85832645992525,-83.97529659151675
296.6209057927656,-83.3272696738531
297.3826139893091,-82.6782190223588
298.14346522246797,-82.0281640047763
298.9034737391245,-81.37712392959543
299.66265388173423,-80.72511807383309
300.42102007662226,-80.07216567179154
301.1785868224387,-79.41828590416046
301.9353687033578,-78.76349791588402
302.6913803652642,-78.10782079109045
303.44663414137534,-77.45127082457522
304.20113459232056,-76.79385528290834
304.9548847047314,-76.13557958615735
305.70788749560063,-75.47644915760665
306.4601459910204,-74.8164693996085
307.21166322544946,-74.15564569296879
307.9624422448301,-73.4939834007379
308.71248611880833,-72.83148788225348
309.4617979303308,-72.1681644814766
310.21038075747407,-71.504018506699
310.95823771737776,-70.83905528032389
311.70537192027047,-70.17328008720158
312.4517865038372,-69.50669821349908
313.19748460493304,-68.83931491513752
313.94246937332383,-68.17113543342889
314.6867439885178,-67.50216501398576
315.4303116184165,-66.83240886084047
316.17317546455314,-66.16187218695869
316.9153387235742,-65.4905601716807
317.6568046321594,-64.81847801052763
318.3975760864339,-64.14563049624245
319.1376425310017,-63.472007617720855
319.87697375733046,-62.79757788623301
320.6155380378826,-62.122308363457954
321.3533034982161,-61.44616618133241
322.0902381484954,-60.76911858616548
322.8263098761061,-60.091132939771974
323.56148643213817,-59.4121767141121
324.29573544348165,-58.73221751368883
325.0290243957313,-58.05122306627662
325.76132063921006,-57.3691612386658
326.49259138570494,-56.68600004230311
327.22280369072377,-56.00170762345399
327.9519244715487,-55.31625229167565
328.67992048066526,-54.62960250058364
329.40675833447415,-53.941726887432154
330.13240447670233,-53.25259424332627
330.85682520132656,-52.562173546475336
331.5799866298702,-51.8704339472117
332.30185473822354,-51.177344805006825
333.02239531556927,-50.48287565419344
333.7415705417932,-49.786992676349634
334.4593291725711,-49.08964866301352
335.1756164698577,-48.39079343285802
335.8903773131599,-47.690377083918705
336.6035561671408,-46.98834998529171
337.3150970970494,-46.28466281756449
338.02494373905137,-45.579266567380465
338.7330393074084,-44.87211255941528
339.4393265449838,-44.16315243156355
340.14374776295443,-43.45233819948368
340.84624478347433,-42.73962222466784
341.54675899873365,-42.024957296701345
342.24523115529536,-41.30829644928035
342.94160782450615,-40.589599253467526
343.6359292342333,-39.868916310020374
344.3283130270064,-39.14637163478851
345.01887971825096,-38.422090080718625
345.70775099701234,-37.6961958144381
346.3950494217439,-36.96881214676972
347.08089840996234,-36.24006164760883
347.76542213025607,-35.51006616742989
348.44874544340274,-34.77894690596519
349.1309938114413,-34.046824450958944
349.81229318872533,-33.31381880066368
350.49277002800636,-32.580049493537956
351.1725511211237,-31.84563558412604
351.851763588178,-31.110695756992193
352.53053479012914,-30.37534836948143
353.2089922564915,-29.639711508485465
353.88726360758176,-28.90390304209708
354.5654765264331,-28.168040716914692
355.2437586409678,-27.432242172462743
355.9222375040357,-26.69662504561693
356.6010405162955,-25.961307022280103
357.2802947823623,-25.226405826827296
357.9601273558679,-24.492039571527986
358.64066308077184,-23.758324878144776
359.3218678631815,-23.025231316137077
360.0033839199705,-22.292427120676052
360.68481632226326,-21.559545134176794
361.3657696161598,-20.82621796534667
362.04584757412385,-20.09207894835615
362.7246522889493,-19.356762496439973
363.4017835082992,-18.619904683021513
364.0768378513184,-17.881143720780994
364.7494081781975,-17.140120589926795
365.41908286259223,-16.3964795868212
366.0854452177994,-15.649869022402966
366.74807292289825,-14.899941928497187
367.4065374667565,-14.146356787974632
368.06040375809255,-13.388778415885115
368.70922973281495,-12.626878837386052
369.3525660867484,-11.860338267137658
369.9899560377836,-11.088846106694785
370.6209355781616,-10.312102309523244
371.2450323246103,-9.529817619536201
371.8617829698403,-8.741728329799015
372.4711068952548,-7.947882958275941
373.0733803849187,-7.14867538970108
373.66901063576904,-6.344504563565888
374.2584152469251,-5.5357596612506175
374.84201931011563,-4.72281906319703
375.4202548084877,-3.906051146604466
375.99355951121635,-3.0858146919176273
376.56237617041427,-2.2624595233557976
377.1271517303692,-1.4363271530444262
377.6883366667337,-0.6077515113278741
378.2463844109707,0.22294027389291945
378.8017508193817,1.0554270780185204
379.35489373147857,1.889392931645158
379.9062726048513,2.72452613286378
380.4563481451483,3.5605183728654066
381.0055820648769,4.3970637849068055
381.5544365494342,5.233858192248742
382.1033749487063,6.0705975527077936
382.6527934592151,6.9070217430770215
383.20265381014707,7.743155535825561
383.75273715301455,8.579142641474098
384.3028249492855,9.415126816753052
384.8526981992404,10.251252126691538
385.4021376700649,11.087662547988844
385.9509236949325,11.924501853879269
386.4988361037593,12.76191341173434
387.0456540912236,13.600040021230312
387.59115614445926,14.4390237128641
388.13511990670435,15.279005587784043
388.67732213767215,16.12012559434839
389.21753858646997,16.96252236131227
389.755543900667,17.806333007271753
390.2911116418712,18.651692882515583
390.82401412707037,19.498735422821095
391.35402244759433,20.347591891075915
391.8809064045039,21.19839117362567
392.4044344907877,22.051259549068373
392.9243738979752,22.906320444951216
393.4404905359812,23.763694189835938
393.95254900401846,24.623497800550943
394.4603127521354,25.485844653554125
394.9635969137764,26.350813543350423
395.4623942171281,27.218377588929965
395.9567346710979,28.088488869600145
396.4466484604993,28.96110024024102
396.93216583972907,29.83616538081166
397.413317148159,30.713638767576363
397.890132790788,31.593475666841567
398.3626432152053,32.47563212993381
398.8308789079141,33.36006497800798
399.29487035529513,34.246731805787924
399.75464804936064,35.13559096153185
400.2102424928265,36.02660152807727
400.66168413387396,36.919723340149105
401.1090033973189,37.814916952031076
401.55223068245897,38.71214362337026
401.9913962837937,39.61136534234535
402.426530495335,40.512544760717105
402.85766333713207,41.41564530595725
403.2848519380911,42.32061824782825
403.7083189041709,43.227338630579794
404.12835298052966,44.135654378907745
404.54524511461887,45.04541647565529
404.9592883621933,45.956478665299684
405.3707774551313,46.86869730732779
405.78000855798484,47.78193113779348
406.18727901289964,48.69604103345299
406.59288704743756,49.61088978993846
406.9971315490942,50.52634186830776
407.4003119071918,51.44226311161084
407.80272746881445,52.35852063029733
408.20467848873454,53.27498203302588
408.6064367313183,54.19152796182273
409.00787919701725,55.10821224304546
409.4085687876604,56.02522586200114
409.8080616661779,56.9427614555679
410.2059126371444,57.86101018602582
410.6016753158515,58.78016089660937
410.9949014130663,59.70039965026612
411.38514025759724,60.62190915756152
411.771938373031,61.54486817404452
412.1548389927849,62.469450914370185
412.5333816810232,63.3958264112358
412.907102035658,64.32415783034573
413.2755314010278,65.25460177192666
413.63819665173156,66.18730753442594
413.9946201048188,67.12241632089082
414.3443194769736,68.06006042486406
414.6868079346318,69.00036238073925
415.0215942906256,69.94343406557613
415.3481832718252,70.8893757851921
415.66607607644323,71.83827528637812
415.9747701754241,72.79020702316376
416.273793546035,73.74522069363202
416.5631570618526,74.70320548024246
416.8432667660813,75.66393678588567
417.1145438913532,76.62719937803755
417.3774159795566,77.59278954376886
417.63231487708134,78.56051505307103
417.87967615618544,79.53019464523052
418.11993821451296,80.50165759439344
418.3535416981862,81.47474316833646
418.5809288265228,82.44930010280628
418.8025429862735,83.42518600338816
419.01882828716106,84.40226675583057
419.23022920722354,85.38041591622735
419.4371904194083,86.35951406550984
419.6401565299213,87.33944818938707
419.8395719668586,88.32011103269689
420.03588094696323,89.30140044588266
420.22952738437345,90.28321875121516
420.42095496665587,91.26547208277634
420.6106071775705,92.24806974457654
420.798927286248,93.23092358009609
420.98635875851704,94.21394726674791
421.1732740595019,95.19706923024427
421.35961881341234,96.18029949717089
421.5451782354039,97.1636782777762
421.7297370586093,98.14724534013787
421.9130796812533,99.13103983507068
422.09499009110186,100.11510016273871
422.2752518185897,101.09946383306013
422.45364790262585,102.0841673230355
422.62996084274596,103.06924593573743
422.8039725420423,104.05473365996352
422.975464311986,105.04066301793497
423.14421682324144,106.02706492178214
423.31001012141445,107.0139685179169
423.4726235760209,108.00140104213462
423.63183590506503,108.98938766117237
423.7874251817145,109.97795131699488
423.939168871938,110.9671125659801
424.0868438524236,111.95688942135496
424.2302264596583,112.94729719112543
424.36909251904046,113.93834831952654
424.50321749719365,114.9300522122333
424.6323764908785,115.92241508630406
424.7563444140192,116.91543979523286
424.8748960373725,117.90912567607049
424.98780621040726,118.90346837839934
425.0948498733691,119.89845971941408
425.19580257969716,120.89408749499532
425.29045996220754,121.89033349579917
425.3789833731255,122.88714326789191
425.4618520274401,123.88443906392861
425.5395571799155,124.88215045988979
425.6125907908434,125.88021469303625
425.6814452023216,126.87857594682308
425.74661285299794,127.87718462955031
425.8085860482071,128.8759966476982
425.86785677692563,129.8749726762365
425.92491659848173,130.87407742640283
425.98025653392637,131.8732789158988
426.03436706982563,132.87254773604744
426.0877380611083,133.87185632813978
426.1408587991486,134.871178254298
426.1942179792996,135.8704874771391
426.2483037133822,136.86975763998413
426.3036034943931,137.86896135325992
426.36042436027054,138.86807972136327
426.4182089875503,139.86714281357163
426.4761421771509,140.86619730172595
426.5334087090613,141.86529022513943
426.5891927645034,142.86446701883094
426.64267718131845,143.86376954754033
426.6930427734046,144.8632341214627
426.7394677383287,145.86288948718197
426.78112722082903,146.86275478531448
426.81719299175734,147.86283747442343
426.8468334023587,148.86313121495095
426.8692134795415,149.86361372233816
426.8834954207442,150.86424459047404
426.8888392239591,151.8649631025642
426.88440399051683,152.8656860497798
426.8693490518547,153.8663055659995
426.84283680682927,154.86668707708017
426.8040796788689,155.86666904321547
426.7530820403349,156.86610153125125
426.69050602587436,157.86487593549612
426.6170370426392,158.86290819464074
426.5333618940501,159.86013663449663
426.4401669706553,160.85652050072548
426.3381371910805,161.85203847401775
426.22795489163883,162.8466871451805
426.1102991932156,163.8404795077926
425.98584543249126,164.8334434489286
425.85526497311537,165.82562028432878
425.71922510108203,166.81706331507007
425.5783891068861,167.80783642366626
425.43341655803357,168.79801271575238
425.2849636351176,169.78767319188168
425.1336836389191,170.7769054648927
424.9802275618531,171.7658025063596
424.8252447127127,172.75446141716876
424.6693833728015,173.74298221495215
424.51329139528127,174.73146662035046
424.35740321098905,175.7199831850544
424.20158975637395,176.7085115318194
424.04562870176636,177.69701660229362
423.88929774121505,178.68546324007286
423.7323742246336,179.6738159781861
423.57463534921214,180.6620389146727
423.41585812408704,181.65009555161754
423.2558194647745,182.63794865433178
423.0942962470351,183.62556010379362
422.9310653376423,184.6128907450289
422.7659036686388,185.59990024239252
422.5985882896632,186.586546931236
422.42889647527153,187.57278767902417
422.2566057595685,188.55857773453408
422.0814940568089,189.54387059231067
421.90333976596503,190.52861785554438
421.72192181072893,191.51276908837204
421.5370198448254,192.4962716996367
421.3484142893145,193.47907079794703
421.15588653424567,194.46110907962387
420.9592190551892,195.442326703759
420.7581955508683,196.42266117426527
420.55260116132865,197.4020472429317
420.34225200811863,198.38042312043336
420.1270541995021,199.35774396266484
419.9069306404243,200.3339671669026
419.68180390053845,201.30904874159063
419.4515962350449,202.2829432725138
419.2162296714512,203.25560390582325
418.975625927779,204.22698229011579
418.72970653289457,205.1970285663902
418.47839279111497,206.1656913198551
418.22160582310556,207.13291754953218
417.9592666173685,208.09865264123115
417.6912959640565,209.06284030640577
417.4176148264316,210.0254226459337
417.1381457242802,210.98634051273325
416.8530042305222,211.94559045284134
416.56263845407494,212.9032719449802
416.267530042443,213.85950264309966
415.9681590483523,214.8144074192791
415.6650042803883,215.768117705745
415.35854315562005,216.72077068730505
415.0492516430626,217.6725085108681
414.7376043662604,218.62347754275808
414.42407467887267,219.57382761509965
414.1091347848776,220.5237112859236
413.7932559123442,221.473283117233
413.47690846813634,222.42269894787785
413.1605622661252,223.37211519238292
412.8446866647637,224.32168811200657
412.5297508813801,225.27157314531323
412.2162239469506,226.2219241280664
411.9043709654361,227.1728257208438
411.5935261659135,228.1240573628373
411.2827596539257,229.07531458337996
410.97114127180373,230.02629308435425
410.65774098395616,230.97668583757235
410.3416288425516,231.92618003992624
410.02187526855687,232.8744541447923
409.6975514076678,233.82117488398472
409.3677297687873,234.76599434188515
409.0314850873337,235.7085470623097
408.68789561673,236.64844726043782
408.33604486016554,237.58528617119293
407.97502332668364,238.51862937056126
407.60393233060853,239.44801494641885
407.2219191275721,240.37296465321248
406.8288901949811,241.29328758904722
406.4254678808761,242.20910225189868
406.01230123144114,243.12056228420985
405.5900345854936,244.02784226279363
405.15930655485806,244.93113593281714
404.7207493195215,245.8306544990261
404.27498796567994,246.7266248797923
403.8226402421688,247.61928811493905
403.3643163875223,248.50889778426034
402.9006192459482,249.39571855762588
402.43214447129697,250.28002478914723
401.9594809239241,251.1620992179268
401.4832111931223,252.0422317482397
401.0039121707858,252.9207182731476
400.5221557687035,253.79785959345844
400.03850965569404,254.6739603658866
399.5535381414232,255.5493281490451
399.0678029642099,256.4242724116307
398.58186422246047,257.2991036319998
398.0962812622035,258.17413238228545
397.61161357852825,259.0496684250704
397.1284217901276,259.9260198511222
396.64726804803286,260.80349190525766
396.16870951986647,261.68238203885056
395.6927913725705,262.56270472921494
395.21878878583715,263.44406031940724
394.74590708413467,264.32601781291527
394.27335018031766,265.2081493778657
393.80031996781287,266.09002722834884
393.32601753917214,266.9712214928908
392.84964396561026,267.8512978216094
392.37040116377597,268.7298150170062
391.887493014042,269.60632277133635
391.4001264945199,270.4803593824635
390.907513102121,271.3514495976543
390.40887052978894,272.2191025794596
389.903424549595,273.0828099734613
389.3904113802841,273.94204427512267
388.86907989833674,274.79625710441417
388.33869597910746,275.64487892046867
387.79858775158124,276.48734503801757
387.2488338818345,277.3235488100775
386.6900971525314,278.15377730433545
386.12304807771295,278.97835079397385
385.54834546505947,279.79760839080217
384.9666365954501,280.611906187607
384.37855719953694,281.42161523485305
383.7847317018258,282.22711967306566
383.18577369321764,283.0288150196284
382.5822866398635,283.8271066348784
381.97486470551775,284.62240828893994
381.3640937027618,285.4151408475412
380.7505522421548,286.20573113520175
380.1348128264819,286.99461078266177
379.5174432102002,287.78221530426316
378.899007645865,288.5689831085878
378.2800681883877,289.355354568396
377.6611844685404,290.1417698954983
377.0426380023249,290.92845051275464
376.4241596977238,291.715184719341
375.8054139540776,292.5017086093959
375.186065419815,293.287757919603
374.56577888757863,294.073067249036
373.94421982642046,294.85736977893026
373.3210547739827,295.640396880763
372.6959517471172,296.42187773809775
372.06858064777583,297.2015389645427
371.4386137832963,297.9791043146032
370.80572631619094,298.75429434140915
370.16959676702874,299.5268261012348
369.52990761308234,300.29641294456627
368.8863460617707,301.0627644660058
368.238707833464,301.8256739279417
367.5870326661597,302.58513795037345
366.93139451225824,303.34118340918985
366.27186625945126,304.09383778480935
365.60851987741944,304.84312925219456
364.94142637870914,305.5890866168923
364.2706558154665,306.33173927975463
363.596277286947,307.07111721192507
362.9183589762584,307.80725095684477
362.23696810823816,308.54017156055926
361.5521709997138,309.2699105868284
360.8640330278483,309.9965000567786
360.17261866251994,310.7199724483662
359.47799147705985,311.44036067630634
358.7802141577634,312.15769807107466
358.0793484882781,312.87201833484613
357.3754868276716,313.5833866546375
356.6688185141136,314.29196693902475
355.9595504630448,314.997944952886
355.24788779052705,315.70150899760273
354.53403394008404,316.40284971702545
353.8181907347512,317.10215982706495
353.1005584603176,317.7996338720441
352.38133597390356,318.49546800447723
351.66072081722837,319.189859767729
350.9389093177135,319.8830078645344
350.21609671111,320.575111946835
349.49247727591455,321.26637241721846
348.768244570306,321.95699033851923
348.04359103398946,322.6471666761941
347.31868933334636,323.3370823586657
346.5933105898453,324.02649646077185
345.86686547796955,324.71478682431143
345.1387528580293,325.40131296307027
344.4083759562103,326.0854296987414
343.6751430309448,326.76648447224306
342.93846893575056,327.4438155612544
342.197776617625,328.11675019027757
341.45249889820707,328.784602900765
340.7020803948977,329.44667403494066
339.9459797848453,330.10224857499776
339.18367216434706,330.7505950818874
338.4146520396176,331.3909653929481
337.63843591924837,332.0225939488004
336.8548319615898,332.64503342202215
336.0644092200485,333.2587906883181
335.2678516527358,333.8645646870158
334.46582151709856,334.4630743079085
333.6589606313455,335.0550554078907
332.8478916150054,335.6412577345908
332.03321955510086,336.22244234875063
331.21553387408557,336.79937930404157
330.3954104696808,337.3728457163821
329.5734139446037,337.94362399020036
328.75010002047776,338.51250034522974
327.9260180928618,339.08026358960313
327.10170961251225,339.64769786238105
326.2774618535293,340.21522033489873
325.453155316248,340.78265743053316
324.6286342955977,341.3497828235886
323.8037432249877,341.9163698395091
322.9783269954572,342.4821915190692
322.152231067432,343.04702038057707
321.32530166072866,343.6106282952502
320.4973859059784,344.172786305281
319.66833202257686,344.7332644793955
318.83798951121804,345.2918317887507
318.0062093334629,345.8482559624825
317.17284409683845,346.4023033499233
316.33774826637216,346.9537388211706
315.5007783582874,347.502325639988
314.6617931733646,348.0478253962174
313.82065400615124,348.5899979016341
312.9772248976538,349.1286011534221
312.1313728592605,349.6633912548783
311.282968139119,350.1941224052504
310.4318844881955,350.72054689340774
309.57799943950465,351.24241512019
308.7211977040339,351.75948079137623
307.86146811473407,352.2716635280769
306.998917964378,352.7790818575224
306.1336592218026,353.2818675293995
305.2658015994709,353.78015386399574
304.39545258967024,354.2740756447482
303.5227174931219,354.76376899373827
302.6476994742199,355.2493712917005
301.7704995749859,355.7310210216108
300.89121679345277,356.20885772586894
300.009948129035,356.6830219033324
299.1267886282764,357.1536549052335
298.2418314682055,357.6208989006311
297.3551680010208,358.0848967695812
296.4668873668436,358.5457911624101
295.5770422152878,359.0036576637878
294.6856273747688,359.4584605978084
293.7926325769066,359.9101534337083
292.89804793833184,360.35868933137976
292.001863953818,360.8040211100861
291.1040714973607,361.2461012300211
290.2046618349948,361.68488179778166
289.3036266427305,362.12031458221855
288.4009580128398,362.55235100674736
287.4966484528112,362.98094212561216
286.590690925055,363.40603868574703
285.68307882187383,363.82759105221567
284.7738060113315,364.2455492839733
283.86286681771446,364.6598630695968
282.950256066574,365.0704818030436
282.0359690655233,365.4773545189734
281.12000163818783,365.8804299451749
280.2023501288668,366.27965649045973
279.28301141395644,366.674982247448
278.36198292012784,367.0663550112778
277.4392626273777,367.4537222632282
276.51484909871147,367.837031217425
275.588741484095,368.2162288074776
274.6609395236998,368.59126167034333
273.73144358451617,368.962076212631
272.8002546559513,369.3286185769367
271.867374371878,369.6908346738652
270.932805021478,370.04867018689765
269.99654956479526,370.40207058959527
269.05861164991194,370.75098116936226
268.1189956091306,371.0953469920063
267.17770653142935,371.43511308498745
266.23475297219164,371.7702320311632
265.290167209244,372.10072236453885
264.34399215703985,372.4266347679446
263.39627006127466,372.74802075574075
262.4470423662149,373.06493226860346
261.49634971222576,373.3774216311791
260.5442319633337,373.68554160197
259.5907281879263,373.9893452795645
258.63587666615354,374.28888608763594
257.67971490520927,374.58421778478913
256.72227963365884,374.87539440701914
255.76360681099732,375.16247025716416
254.8037316376743,375.44549989588177
253.84268855302759,375.7245380909411
252.88051125767055,375.9996398489278
251.91723269762772,376.2708603142136
250.95288510068428,376.53825484926057
249.98749996508246,376.8018789474184
249.02110807274497,377.0617882308791
248.05373951039493,377.3180384793991
247.08542365833407,377.57068553723786
246.11618922459655,377.81978539265305
245.14606421255982,378.0653939957333
244.17507580660038,378.3075667449807
243.20323896271117,378.5463119543363
242.23055268058314,378.7815724937215
241.25701522646804,379.0132855723025
240.2826255434294,379.24138833573386
239.30738320862486,379.46581764199425
238.33128847512356,379.68651017979886
237.3543422659317,379.90340238638424
236.37654620537185,380.1164305272322
235.3979026244661,380.32553066182567
234.41841458404792,380.53063869021025
233.43808588420276,380.73169033724685
232.45692108184315,380.92862117539374
231.47492550393088,381.12136662734935
230.4921052679713,381.3098620065092
229.5084672967952,381.49404253137175
228.52401932443766,381.6738432924924
227.53876992772933,381.84919935937796
226.55272852357115,382.02004570297913
225.5659053994318,382.18631730461976
224.57831171624653,382.3479491100729
223.58995952486578,382.5048760696158
222.6008647359108,382.6570523529472
221.6110535104038,382.8044967908541
220.62055369489667,382.94724215690707
219.62939261702033,383.0853212720041
218.63759710028876,383.21876705648634
217.64519346836988,383.34761252943457
216.6522075445981,383.4718907650726
215.6586646556587,383.59163487815937
214.66458963999972,383.70687804774224
213.67000684879557,383.81765348019513
212.67494015109264,383.92399440465215
211.67941293640578,384.0259340436187
210.6834481228317,384.12350563460967
209.687068160492,384.2167424082421
208.69029503419407,384.3056775533997
207.6931502738103,384.39034426604604
206.6956549543705,384.47077568464545
205.69782970221473,384.54700488895475
204.69969470306074,384.6190649251369
203.70126970661337,384.68698879384397
202.70257405089149,384.75080973512434
201.7036271381784,384.81056917600455
200.7044482875313,384.8663163705784
199.70505623554845,384.9181010365575
198.70546911913632,384.96597296886694
197.7057044831839,385.00998203475905
196.70577928676792,385.05017813838737
195.70570991267707,385.08661125758954
194.70551217293607,385.1193313826062
193.70520131755876,385.1483885292988
192.704792042538,385.17383273502617
191.7042984972639,385.19571402865677
190.70373429276003,385.2140824198895
189.7031125107393,385.22898793779854
188.7024457105311,385.240480546543
187.70174593852175,385.24861020647415
186.701024735932,385.2534268161387
185.70029314761922,385.2549802447266
184.69956173030764,385.25332030290554
183.6988405613218,385.24849674266227
182.69813924627292,385.2405592878864
181.6974669308915,385.2295573969392
180.69683231414842,385.2155399913338
179.69624511812415,385.19846985839365
178.69571831935298,385.1781659505922
177.69526700707428,385.1544320871202
176.69490828983936,385.12707224899106
175.69466141653763,385.09589026453995
174.6945478947231,385.0606898841635
173.69459160667586,385.0212748503688
172.69481892649137,384.9774489403652
171.6952588356537,384.92901603063814
170.69594303694055,384.87578017930974
169.69690606731373,384.8175457029231
168.6981854077436,384.75411728224185
167.69982158862942,384.6853000991242
166.7018582965445,384.6108999157228
165.70434246827077,384.5307232902469
164.70732439503084,384.44457757599224
163.71084775184076,384.3523798756373
162.7149270635775,384.2543589346373
161.7195670424153,384.1507995316538
160.72476770252925,384.04198594626683
159.73052460398003,383.9282020078623
158.7368291092584,383.8097309645106
157.74366864020166,383.6868553869652
156.75102692924844,383.55985712348803
155.7588842710142,383.4290172548171
154.76721777021464,383.2946160759628
153.77600158335463,383.1569331189207
152.78520716261062,383.01624715098995
151.79480349537462,382.87283619741805
150.80475732915187,382.72697765519285
149.81503341715654,382.57894825456845
148.82559472578592,382.42902426914947
147.83640269359842,382.2774813754867
146.8474174336645,382.12459488102115
145.85861635890308,381.97052165016
144.87001981566237,381.815141472994
143.88165513864493,381.65829316896117
142.8935503503799,381.49981587566805
141.9057342954857,381.3395487023897
140.9182367111368,381.17733080572657
139.93108830216997,381.0130014299687
138.94432082748722,380.84639988162786
137.95796716621925,380.6773656252504
136.97206140682331,380.5057382427454
135.98663891767833,380.33135750243434
135.0017364182719,380.1540634210417
134.01739206757387,379.97369623009524
133.033645513118,379.79009655347113
132.0505380069933,379.60310523107506
131.06811236034468,379.41256396375366
130.08641192934726,379.21832084786195
129.10543296273687,379.0204663844099
128.1251110677735,378.81938155754966
127.14537412013658,378.6154657967163
126.1661466583655,378.40911729822517
125.1873502406944,378.20073376376916
124.20890397103094,377.9907122834631
123.23072497209435,377.7794494829119
122.25272887213958,377.56734160146254
121.27483027566986,377.35478464452524
120.29694324510076,377.14217448398756
119.31898176333365,376.92990704632564
118.34086022224713,376.71837838233665
117.36249388721635,376.50798484781336
116.38379937704701,376.2991232189166
115.4046951421472,376.09219080705464
114.42512171845135,375.88749095207567
113.44510143628794,375.6849412758697
112.46467625743105,375.48436063600474
111.4838870655165,375.28556756364895
110.50277376108701,375.0883803214052
109.5213753666336,374.89261690280136
108.53973011352576,374.69809512560334
107.55787554878552,374.5046326266508
106.57584863061135,374.3120469137266
105.59368582854023,374.12015539462806
104.61142322603195,373.92877539407874
103.62909661587878,373.73772420749333
102.64674160954222,373.54681908330446
101.66439372945393,373.3558772926936
100.68208851455262,373.1647161311445
99.69986161837666,372.9731529579579
98.71774891591625,372.7810051904968
97.7357865965202,372.5880903695442
96.75401127040848,372.3942261545559
95.77246005788741,372.1992304057032
94.79117070810061,372.0029211177865
93.81017176162037,371.8051657333571
92.82945382629909,371.60602142363143
91.84899793724291,371.4055909506576
90.86878472818468,371.2039769886919
89.88879447423867,371.00128207739573
88.90900712318557,370.7976086338158
87.92940232115862,370.5930589900709
86.94995945048667,370.38773537232436
85.9706576569272,370.1817399305094
84.991475882925,369.97517473891264
84.01239289913241,369.76814180490067
83.0333873314881,369.5607430984472
82.05443769866775,369.3530805324473
81.07552243687215,369.14525600275994
80.09661993297655,368.9373713886429
79.11770855028026,368.72952858811095
78.13876879564509,368.52181946043964
77.15979457767179,368.3142728260175
76.18078506104389,368.10689276123816
75.20173941580123,367.8996833274571
74.22265682113176,367.6926485532494
73.24353645109642,367.48579250209735
72.26437749017678,367.2791191991123
71.2851791160285,367.0726327129154
70.30594051653127,366.86633707512664
69.32666088024513,366.6602363258039
68.34733939247879,366.45433453242947
67.36797524733801,366.24863573289844
66.38856764228626,366.04314396157326
65.40911577184204,365.8378632795803
64.42961883618327,365.6327977340827
63.45007603863996,365.4279513704427
62.47048658671547,365.2233282275822
61.49084968641026,365.0189323654045
60.511164552243905,364.8147678170402
59.53143039603342,364.6108386428884
58.55164643720264,364.40714888140474
57.57181189602945,364.20370258176047
56.59192599529787,364.00050379617636
55.6119879637442,363.7975565635523
54.63199702916216,363.5948649429745
53.65195242902664,363.39243296263766
52.671853401064176,363.19026466569653
51.69170210475502,362.9883499280586
50.71150987670283,362.7866339867509
49.73128981046251,362.585053366014
48.75105497878733,362.38354455805126
47.77081843629408,362.1820440725001
46.79059323695062,361.98048841396326
45.81039244573135,361.7788140878607
44.83022914834524,361.57695761565043
43.85011646733092,361.3748555190994
42.87006757429025,361.17244432334644
41.890095699527585,360.9696605725438
40.910214145021264,360.7664408292776
39.930436297652044,360.56272167279184
38.950775642808786,360.35843969544965
37.971245773654786,360.15353152004286
36.99186040669386,359.94793378683994
36.01263339108285,359.741583170636
35.03357871866243,359.534416394026
34.054710550647954,359.3263701622291
33.07604314835695,359.1173815489481
32.097580523071535,358.9074362799065
31.11930292461847,358.69663052755976
30.14118710725751,358.4850753981891
29.163209559975172,358.2728819913159
28.1853465597943,358.0601613345968
27.207574200955023,357.8470244321015
26.229868439140027,357.6335822426684
25.252205125794216,357.4199457040006
24.2745600421767,357.20622575782176
23.29690894215989,356.99253333504544
22.319227586916345,356.77897937810394
21.3414917808395,356.5656748576876
20.36367740811846,356.3527307865957
19.38576047920252,356.14025818824604
18.4077171513929,355.9283681841607
17.42952378073505,355.71717193774884
16.451156958308488,355.5067806697219
15.472593536252042,355.2973057216072
14.493810678286525,355.0888585057232
13.51478589531017,354.88155052431233
12.535497077226127,354.67549340703096
11.555922539029618,354.47079888116224
10.576041057967231,354.2675787843625
9.595831909309275,354.065945082157
8.615274900040449,353.8660099044179
7.634360806902688,353.6678340546327
6.65312605333559,353.4712520541881
5.671618721946247,353.27603555064167
4.689885937845068,353.08195601686845
3.7079740352418176,352.8887847447013
2.7259287238070935,352.6962928457076
1.743795233293921,352.5042513613274
0.7616184812301503,352.3124312564766
-0.22055677563090417,352.1206034958982
-1.2026857721969202,351.9285390301175
-2.184723590232429,351.7360089056108
-3.166624987396078,351.54278424072146
-4.148344246667509,351.34863630533465
-5.1298350204360394,351.1533365719914
-6.111050158194505,350.9566566844486
-7.0919415828925425,350.7583686669619
-8.072460073714407,350.55824467121397
-9.052555578098087,350.35605929479345
-10.032193357336693,350.15166764309805
-11.011363080799557,349.9450453376457
-11.990056151002262,349.73617695944125
-12.968263896343688,349.52504730289513
-13.945977511803328,349.3116410912298
-14.923188073583995,349.0959430546216
-15.89988653164143,348.8779379007255
-16.876063712450087,348.6576103336804
-17.85171031771109,348.43494505392937
-18.826816916160137,348.20992672833256
-19.801373953889836,347.982540041317
-20.77537174737085,347.7527696699985
-21.748800476399587,347.5206002603756
-22.721650197118162,347.28601648818307
-23.69391082714689,347.04900300209033
-24.66557215607503,346.8095444729735
-25.63662383008872,346.56762553674423
-26.607055367197617,346.3232308618894
-27.57685614450519,346.0763451035981
-28.546015402571467,345.82695292686515
-29.51452224373153,345.575039005197
-30.482365627715183,345.3205880091767
-31.449534376728742,345.06358463134995
-32.41601716692338,344.8040135591426
-33.38180253951221,344.54185952170985
-34.34687888093773,344.27710722153574
-35.311234441045265,344.00974140677374
-36.27485731914937,343.73974682545236
-37.23773547646115,343.4671082746114
-38.19985671320901,343.1918105254773
-39.16121031209345,342.913844010994
-40.12179527130219,342.63323278319166
-41.08161453483918,342.3500135988965
-42.040671341563495,342.0642231748674
-42.99896921374894,341.7758981618468
-43.95651196621425,341.4850751879336
-44.91330368869746,341.1917908127463
-45.86934874848876,340.89608154914174
-46.82465177989206,340.5979838418067
-47.77921768179125,340.29753407253713
-48.733051620468636,339.9947685818565
-49.686159008500994,339.68972361501227
-50.63854551224465,339.38243535880247
-51.59021704674047,339.07293993824027
-52.541179765797224,338.7612733986785
-53.491440056332635,338.4474717015011
-54.44100454523312,338.1315707576303
-55.38988007178485,337.8136063570565
-56.33807371319159,337.4936142582251
-57.28559275663923,337.1716301169634
-58.23244470519804,336.84768951681036
-59.17863726642313,336.5218279480448
-60.124178356583094,336.19408083252586
-61.069076089896264,335.86448350473154
-62.01333878092007,335.53307123090434
-62.95697492559924,335.1998791671384
-63.89999321894185,334.8649424219049
-64.84240253329685,334.5282960063344
-65.78421191951499,334.18997484991934
-66.72543079438171,333.85001433093043
-67.66607181892724,333.50845820402895
-68.60615044343477,333.16535719179734
-69.5456824320958,332.8207621147172
-70.48468380583581,332.47472375705223
-71.42317082253066,332.1272928367783
-72.36115997645591,331.7785200282189
-73.29866797680253,331.4284559281398
-74.23571175390533,331.07715109658034
-75.172308431866,330.7246560076443
-76.108475335843,330.3710210930854
-77.04422997214604,330.0162967134015
-77.97959002803312,329.66053318131765
-78.91457335760906,329.3037807484878
-79.84919796952785,328.94608959719017
-80.783482030239,328.5875098726862
-81.71744383844141,328.22809164033316
-82.65110183592394,327.86788493763794
-83.58447457608138,327.50693971621547
-84.51758074259989,327.1453059139673
-85.45043911481609,326.78303338899497
-86.38306856182741,326.4201719286119
-87.3154881170938,326.05677146351076
-88.24771279836249,325.692871383074
-89.17970702526424,325.32838148487
-90.11139905142582,324.9631198068674
-91.04271609047305,324.596903070809
-91.97358469472636,324.2295479746576
-92.90393074264718,323.8608714820633
-93.83367928517187,323.4906907521813
-94.76275442586187,323.1188231573748
-95.69107921659423,322.7450863408543
-96.61857554482077,322.36929825401364
-97.54516400549187,321.99127715727496
-98.47076380008494,321.6108416894416
-99.39529262899462,321.22781092133255
-100.31866657462982,320.8420043880203
-101.2408000015807,320.4532421633948
-102.16160545846299,320.0613449387375
-103.0809935701857,319.6661340788065
-103.99887294201432,319.26743170586434
-104.91515006924091,318.865060796046
-105.82972925509448,318.45884529233416
-106.74251252201302,318.04861020211627
-107.65339954523856,317.63418173566885
-108.56228746007282,317.21538718520753
-109.46908836175386,316.79209266789314
-110.37383220807955,316.3644190847333
-111.27660276841982,315.93259569856883
-112.17748696003986,315.4968505947267
-113.07657474983985,315.0574108732947
-113.97395886795641,314.6145024543228
-114.86973461553725,314.1683500885605
-115.76399967730347,313.7191773789022
-116.65685393049,313.2672067972592
-117.54839926094432,312.81265971707364
-118.43873937654394,312.3557564416229
-119.32797964166132,311.8967162738669
-120.21622691375603,311.4357575897693
-121.10358936338504,310.9730978790838
-121.99017632044007,310.50895383622145
-122.87609811298985,310.04354143581946
-123.76146592230798,309.57707603818693
-124.6463916235758,309.10977246641403
-125.53098762959269,308.64184508841583
-126.41536676715518,308.1735079598677
-127.299642102652,307.70497487038017
-128.1839268126638,307.2364594740532
-129.0683340572739,306.7681754251049
-129.95297677015193,306.30033635462024
-130.83796772032878,305.8331563657434
-131.72339514115444,305.3668041294574
-132.60921352772107,304.90119494691163
-133.49533020894606,304.4361537098084
-134.38165299117694,303.97150540127024
-135.26808983617715,303.5070747339527
-136.154548847915,303.0426863776945
-137.0409381421622,302.5781649638014
-137.92716572394042,302.1133351043646
-138.81313938244836,301.6480214452407
-139.69876659877914,301.1820487436393
-140.58395441631146,300.7152418749677
-141.46860933612112,300.24742588785375
-142.3526372283777,299.77842608973225
-143.23594319600875,299.30806804265967
-144.1184315010612,298.8361776779603
-145.00000542767276,298.36258129209654
-145.8805672191496,297.8871056816979
-146.760017942902,297.40957814419517
-147.63825742248108,296.92982660334684
-148.5151841198877,296.44767964270363
-149.3906950623157,295.9629666206346
-150.26468574418547,295.4755177392789
-151.1370500515676,294.9851641538454
-152.00768019315242,294.4917380901812
-152.87646651897904,293.9950727673004
-153.7432984575821,293.4950042607836
-154.6081164062972,292.9914607754897
-155.47095542571188,292.484533809673
-156.3318609008384,291.9743300397957
-157.190879598655,291.46095590690874
-158.04805939836118,290.94451722237824
-158.90344928598952,290.4251192399222
-159.75709929753552,289.90286663626335
-160.6090604726878,289.3778635120394
-161.4593848126704,288.85021339936515
-162.30812521967528,288.3200192403641
-163.15533547680369,287.7873834313304
-164.00107017068052,287.2524077753086
-164.84538468075317,286.7151935413792
-165.68833512558348,286.17584145535966
-166.5299783183646,285.63445170551364
-167.37037173438893,285.09112396690637
-168.20957347423675,284.54595741886806
-169.0476422164444,283.99905074619386
-169.884637199016,283.4505021845943
-170.72061816966908,282.90040951787313
-171.55564536549056,282.3488701199169
-172.38977946952116,281.7959809612903
-173.2230815754909,281.2418386281353
-174.05561318059074,280.6865393829702
-174.8874361248641,280.130179144887
-175.71861257958068,279.57285354324557
-176.549205042139,279.0146579806556
-177.3792761527095,278.45568742954043
-178.20884327265432,277.89596918077757
-179.03778448675715,277.33532438334214
-179.86595104751234,276.7735359241971
-180.69319314356144,276.21038706299765
-181.5193597763815,275.64566162509334
-182.34429858245042,275.0791441128272
-183.16785561738715,274.5106197635826
-183.9898751937754,273.9398746878417
-184.81019971083427,273.36669599662497
-185.62866944878286,272.7908718800325
-186.44512245475866,272.21219181819316
-187.25939433530982,271.6304466599488
-188.07131816239644,271.0454288626139
-188.88072429448417,270.456932612037
-189.68744027796498,269.8647540534476
-190.49129069981822,269.26869145511415
-191.29209718336924,268.66854555682386
-192.08967790527237,268.0641192920251
-192.88385859919012,267.45523248340635
-193.67468106142508,266.8419903142082
-194.46240850398547,266.224777550108
-195.2473182484645,265.60398546228504
-196.0296933042631,264.9800019729214
-196.80982120906413,264.3532112774109
-197.587993529606,263.72399433256226
-198.3645051917903,263.09272912443964
-199.13965394752267,262.4597911091639
-199.9137397710152,261.8255535647861
-200.6870643432183,261.190388050195
-201.45993051975742,260.55466484147917
-202.23264182263418,259.91875339535534
-203.0055019442907,259.28302282553517
-203.7788142730249,258.6478424048903
-204.55288120339702,258.01358180119126
-205.32800436209806,257.38061244101755
-206.10446202735122,256.74928081662733
-206.88227842068042,256.1196239382758
-207.66130103271038,255.49146003112585
-208.44137610909513,254.86460358790896
-209.22235046913207,254.2388678818589
-210.0040718707763,253.61406569302065
-210.78638873183925,252.99000924219118
-211.56915004107836,252.36651035872248
-212.35220519294566,251.7433805535804
-213.13540385504152,251.12043113299103
-213.9185958186062,250.49747329081472
-214.70163085005663,249.87431820221863
-215.48435855337604,249.25077713109417
-216.26662822382255,248.6266615267239
-217.048288689624,248.00178310565755
-217.82918820657383,247.3759540001336
-218.60917426633833,246.74898679888815
-219.3880935042047,246.12069471259323
-220.16579153821635,245.4908916539704
-220.94211283931034,244.859392356946
-221.71690063318334,244.22601253485496
-222.489996740997,243.59056896337293
-223.26124148177502,242.95287963925438
-224.03047358562756,242.31276395076208
-224.79753002476704,241.6700427492482
-225.5622460490998,241.02453866193443
-226.32445476292676,240.37607586506815
-227.08399064727942,239.72448445741534
-227.84078257656523,239.0697080813086
-228.5948846788864,238.4118356454113
-229.3463592996292,237.75096347991814
-230.09527017986176,237.08718745014414
-230.84168197192517,236.42060245082254
-231.5856603208398,235.75130256207066
-232.32727175908198,235.07938098957806
-233.06658370412612,234.40493012187503
-233.80366438445674,233.72804150782565
-234.5385828236308,233.04880589848688
-235.27140877106925,232.36731323083328
-236.00221270086377,231.68365268527668
-236.7310657327857,230.99791265928621
-237.45803963212865,230.31018082559163
-238.1832067757124,229.62054415366399
-238.9066400979656,228.92908891024663
-239.62841306432026,228.2359006887801
-240.3485996776913,227.54106447259758
-241.06727440610837,226.8446646163232
-241.78451222011253,226.1467849390367
-242.50037846888617,225.44749841792256
-243.21488572441748,224.7468233812322
-243.92802866573672,224.04475980119634
-244.63980202588132,223.34130773535458
-245.35020048369623,222.63646721703057
-246.0592187115344,221.93023830392224
-246.76685136728133,221.22262107008703
-247.47309307995477,220.51361559171278
-248.17793849695076,219.80322199432896
-248.8813822057335,219.09144037499402
-249.58341880880366,218.37827087692216
-250.284042887055,217.66371365319148
-250.9832489840405,216.9477688515937
-251.68103166039842,216.2304366680486
-252.37738542865955,215.51171728304007
-253.0723048230988,214.79161092966552
-253.76578432601056,214.07011782230842
-254.45781842841117,213.3472382154466
-255.14840158725096,212.6229723625911
-255.8375282691018,211.8973205581919
-256.52519289881815,211.17028308880973
-257.21138990508393,210.44186027654848
-257.8961136966697,209.71205245660585
-258.5793586636347,208.98085997858854
-259.261119185386,208.24828321417579
-259.9413896243027,207.5143225512575
-260.62016434669385,206.77897841355454
-261.2974437646795,206.04225681427565
-261.97324462630553,205.304178688262
-262.6475865067619,204.56476733251802
-263.32048915219,203.82404595811056
-263.9919724861907,203.08203769878702
-264.6620565651096,202.33876557369513
-265.3307616317855,201.59425253916817
-265.9981080731159,200.8485214535588
-266.66411640632333,200.1015950683477
-267.32880731423006,199.35349606300232
-267.99220159187246,198.60424700075794
-268.654320193892,197.85387037414242
-269.31518419359594,197.10238857207517
-269.97481477825266,196.34982387933397
-270.63323327267307,195.59619850077428
-271.2904611073999,194.84153453694452
-271.9465198394658,194.08585400581
-272.6014311269013,193.3291788240249
-273.255216711028,192.57153079557457
-273.9078985134721,191.81293169845253
-274.5594942479522,191.05339952409534
-275.209981034738,190.29291739713628
-275.8593122350111,189.53144834477163
-276.50744084094214,188.76895543624565
-277.15431959548016,188.0054019002082
-277.7999010134102,187.24075115748016
-278.44413738326654,186.47496683708826
-279.08698074030747,185.70801276807168
-279.72838284495043,184.93985297616553
-280.36829521925466,184.1704517290797
-281.0066690921231,183.39977350549572
-281.6434554008128,182.6277830113898
-282.27860479765764,181.85444520055626
-282.912067632374,181.07972527499754
-283.5437939275013,180.3035886799911
-284.17373341204006,179.52600114671012
-284.8018354629931,178.74692865989795
-285.42804913098666,177.96633749408085
-286.0523231359474,177.18419422532028
-286.6746058410338,176.40046572572243
-287.2948452507463,175.61511917753327
-287.9129890173973,174.82812209378207
-288.5289844359286,174.03944232962505
-289.1427784230451,173.24904808156458
-289.7543175220327,172.45690790689375
-290.3635479159627,171.66299074940704
-290.97041537720827,170.867265916174
-291.57486534221977,170.06970315034602
-292.17684281682,169.2702725745059
-292.77629245025065,168.4689447624573
-293.37315850203294,167.6656907294985
-293.9673848442533,166.86048194956052
-294.55891495887664,166.0532903685819
-295.1476919511551,165.24408842957428
-295.7336585423049,164.4328490822787
-296.31675706671956,163.6195457961826
-296.8969295135994,162.80415260511967
-297.4741174593213,161.98664407350515
-298.04826214651644,161.16699536710667
-298.6193044426168,160.34518223771911
-299.1871848690747,159.52118105780377
-299.7518436068733,158.694968837353
-300.3132204701477,157.8665232207228
-300.87125508970905,157.03582262025446
-301.4259025077142,156.20285661643334
-301.97728392739697,155.36772509815927
-302.5256188539555,154.53059014384064
-303.0711301693087,153.6916124752853
-303.6140422942471,152.85095050489997
-304.1545811315803,152.00876056823796
-304.69297387146844,151.16519706621952
-305.2294488135269,150.32041261973558
-305.76423522468696,149.47455824748204
-306.2975631849443,148.62778353627579
-306.8296634288995,147.78023680883726
-307.3607672693476,146.93206534296306
-307.89110640852545,146.083415519803
-308.420912838685,145.2344330279508
-308.9504187461093,144.38526306915682
-309.4798563824547,143.5360505432617
-310.00945793152573,142.6869402299708
-310.53945542671033,141.83807700186938
-311.0700806205064,140.98960600730024
-311.60156485919833,140.1416728560432
-312.13413694996945,139.29442254285328
-312.6678883714406,138.4479146900056
-313.20269265683413,137.60207161864125
-313.7384040635618,136.75680277759184
-314.27487724036854,135.9120172098082
-314.81196713057227,135.0676235961523
-315.349528920794,134.22353032723808
-315.8874179803936,133.37964556941506
-316.42548979869076,132.535877329155
-316.9635999533532,131.69213353725806
-317.50160401828265,130.848322094435
-318.03935751845336,130.00435094683544
-318.5767158815103,129.16012815954005
-319.1135343820072,128.31556198541705
-319.64966806307086,127.47056091974366
-320.1849716888001,126.62503377455523
-320.71929971307907,125.77888976349902
-321.2525061829473,124.93203854547693
-321.7844447314942,124.08439032508477
-322.3149684967161,123.23585590652714
-322.8439300798885,122.38634677271287
-323.37118151414575,121.5357751708325
-323.89657421711456,120.68405418808719
-324.4199589359009,119.83109782294827
-324.9411857347505,118.97682108281165
-325.4601039494907,118.1211400611361
-325.9765621683104,117.26397203063723
-326.4904081804067,116.40523551692789
-327.0014890185698,115.54485042825439
-327.50965087318116,114.68273810768703
-328.01473914222817,113.81882146584174
-328.5165983932219,112.95302506046413
-329.015072381988,112.08527520834681
-329.5100040547426,111.21550008667052
-330.0012356079047,110.34362986437066
-330.4886154798928,109.46960069809894
-330.97214656096014,108.59343643441576
-331.45198268573523,107.7152431656914
-331.92828512517207,106.83512833778815
-332.401216221905,105.95319733020372
-332.87093932016586,105.06955354700689
-333.3376186798054,104.18429849895767
-333.80141934766215,103.29753186367522
-334.26250715522565,102.40935161238745
-334.72104857203925,101.51985406084634
-335.1772106950466,100.62913399107018
-335.6311611885591,99.7372847467353
-336.0830682028832,98.84439831746353
-336.5331003633194,97.95056545852593
-336.98142668556005,97.05587577270853
-337.4282165758075,96.16041783453903
-337.8736392257279,95.26427901275419
-338.3177926196674,94.3675104318051
-338.76063737750746,93.47009489515253
-339.2021182681269,92.57200762308425
-339.6421799639311,91.6732240958172
-340.0807669843998,90.7737200377507
-340.5178237225355,89.87347144284058
-340.95329439094354,88.9724545606837
-341.38712309446584,88.07064594409071
-341.81925375529664,87.16802242516732
-342.24963016823324,86.26456115421286
-342.6781959639405,85.36023959433668
-343.10489463119916,84.45503554427654
-343.52966948537227,83.54892713568104
-343.9524637051697,82.64189286259624
-344.3732203225642,81.73391158870272
-344.79188219524747,80.82496254658422
-345.2083920448223,79.91502536744036
-345.62269245294664,79.00408009102642
-346.0347258416375,78.09210716856266
-346.4444345180288,77.17908749438772
-346.8517813383986,76.2650116263438
-347.25683427481965,75.34991696264828
-347.6596948293627,74.4338550114629
-348.06046483787543,73.51687653564052
-348.4592464629915,72.59903159212573
-348.85614214699007,71.68036955366588
-349.25125463168206,70.76093915970442
-349.6446868759831,69.84078852309351
-350.0365420732981,68.91996517996074
-350.4269236421756,67.99851612786581
-350.8159351510316,67.07648783605082
-351.20368038801746,66.1539263171671
-351.59026328198223,65.23087713590766
-351.97578789160747,64.30738544655588
-352.36035842874963,63.38349604468562
-352.74407921399455,62.45925339045719
-353.12705465658047,61.53470164215756
-353.5093753447217,60.60987894760736
-353.8910934904519,59.68480739246608
-354.2722547665968,58.75950624879078
-354.6529048900902,57.833994710019105
-355.0330896069315,56.90829189269823
-355.4128546971321,55.98241684649581
-355.7922459711205,55.05638856067652
-356.17130927858085,54.13022597567755
-356.55009046081057,53.20394797156416
-356.9286354049884,52.277573398211736
-357.3069900148305,51.35112107125313
-357.68520019549055,50.42460977387944
-358.0633118561985,49.4980582658923
-358.4413709386893,48.57148530327046
-358.819423370671,47.64490962714435
-359.1975150767946,46.71834997624401
-359.57569199289856,45.79182510067861
-359.95399999503303,44.86535374092725
-360.33247016455834,43.93894861589145
-360.71109850927763,43.0126081269285
-361.08987594690325,42.086328591550036
-361.46879337535006,41.160106314050644
-361.8478417227301,40.23393760627411
-362.2270118969843,39.307818767317016
-362.60629482007914,38.38174609783311
-362.9856813996072,37.45571588872015
-363.36516255450573,36.52972443195988
-363.7447292183505,35.60376802228687
-364.1243723019681,34.67784294217645
-364.5040827353265,33.751945479324775
-364.88385142494013,32.826071909496896
-365.26366931688347,31.900218522682575
-365.6435273233153,30.974381593269523
-366.023416366947,30.048557398594554
-366.4033273805888,29.122742219074436
-366.78325129158685,28.196932332127957
-367.16317901540003,27.27112400985274
-367.5431014834345,26.345313530759523
-367.9230096298067,25.41949717465222
-368.30289436683154,24.49367121287973
-368.68274662349603,23.567831924437552
-369.0625573294391,22.64197558970356
-369.4423173947321,21.716098482456495
-369.82201798718523,20.790196983911507
-370.2016649005584,19.864273474067563
-370.58128734070465,18.938339930094994
-370.96091656797944,18.012409168798396
-371.34058387129073,17.086494019493763
-371.7203205262377,16.160607310546002
-372.1001577919782,15.234761871786958
-372.48012693364853,14.308970547408773
-372.8602592338895,13.3832462044053
-373.2405859206912,12.4576017066512
-373.62113824593115,11.532049950848183
-374.00194743527027,10.60660384964585
-374.38304470925834,9.681276344016435
-374.7644612671368,8.756080400287932
-375.14622829623823,7.831029017711371
-375.52837695851224,6.9061352265981
-375.91093841423674,5.981412101815771
-376.29394377166125,5.056872745645332
-376.6773623809785,4.132504693975553
-377.0604674699962,3.2080066595931025
-377.4420926208977,2.282896736603784
-377.8210619425277,1.3566956912385335
-378.19619706604425,0.4289293068953818
-378.56630756883885,-0.5008493145827347
